UniqueID,Latitude,Longitude,Site,Day,Month,Year,Collection Method,Block,Quadrat,Shore height,Slope,Aspect,Maximum canopy height,Abiotic Substratum,Vocabulary,Species Code,Name,CATAMI Unique Identifier,CATAMI Name,CATAMI Version,Measurement Unit,Measurement,Observer,Observer ID,Observer ID Type,Organisation,Organisation ID,Organisation ID Type,Project,Data Custodian,Data Contact email,Data Custodian ID,Data Custodian ID Type
GOOS Macroalgal Intertidal Percent Cover Survey_2021_6_24_Rainsford_1_High_1,42.313022,70.950625,Rainsford,24,6,2021,GOOS Macroalgal Intertidal Percent Cover Survey,1,1,High,33,60,NA,Boulder,WORMS,FUVE,Fucus vesiculosus,80300903,Macroalgae: Erect coarse branching: Brown,1.4,Percent Cover,5.1,Laura/Liana,OCEANEXPERTID,ORCID,Byrnes Lab,SOMEIDHERE,OceanExpert,Stone Living Lab Intertidal Monitoring,Jarrett Byrnes,jarrett.byrnes@umb.edu,ORCID_ID,ORCID
GOOS Macroalgal Intertidal Percent Cover Survey_2021_6_24_Rainsford_1_High_2,42.312926,70.950566,Rainsford,24,6,2021,GOOS Macroalgal Intertidal Percent Cover Survey,1,2,High,30,50,NA,Cobble,WORMS,FUVE,Fucus vesiculosus,80300903,Macroalgae: Erect coarse branching: Brown,1.4,Percent Cover,1.2000000000000002,Laura/Liana,OCEANEXPERTID,ORCID,Byrnes Lab,SOMEIDHERE,OceanExpert,Stone Living Lab Intertidal Monitoring,Jarrett Byrnes,jarrett.byrnes@umb.edu,ORCID_ID,ORCID
GOOS Macroalgal Intertidal Percent Cover Survey_2021_6_24_Rainsford_1_High_3,42.313062,70.950773,Rainsford,24,6,2021,GOOS Macroalgal Intertidal Percent Cover Survey,1,3,High,1,60,NA,Boulder,WORMS,FUDI,Fucus distichus,80300903,Macroalgae: Erect coarse branching: Brown,1.4,Percent Cover,1.1,McCollum,OCEANEXPERTID,ORCID,Byrnes Lab,SOMEIDHERE,OceanExpert,Stone Living Lab Intertidal Monitoring,Jarrett Byrnes,jarrett.byrnes@umb.edu,ORCID_ID,ORCID
GOOS Macroalgal Intertidal Percent Cover Survey_2021_6_24_Rainsford_1_High_4,42.313034,70.950713,Rainsford,24,6,2021,GOOS Macroalgal Intertidal Percent Cover Survey,1,4,High,60,45,NA,Boulder,WORMS,FUDI,Fucus distichus,80300903,Macroalgae: Erect coarse branching: Brown,1.4,Percent Cover,3.2,McCollum,OCEANEXPERTID,ORCID,Byrnes Lab,SOMEIDHERE,OceanExpert,Stone Living Lab Intertidal Monitoring,Jarrett Byrnes,jarrett.byrnes@umb.edu,ORCID_ID,ORCID
GOOS Macroalgal Intertidal Percent Cover Survey_2021_6_24_Rainsford_1_High_5,42.313168,70.950915,Rainsford,24,6,2021,GOOS Macroalgal Intertidal Percent Cover Survey,1,5,High,30,50,NA,Boulder,WORMS,FUDI,Fucus distichus,80300903,Macroalgae: Erect coarse branching: Brown,1.4,Percent Cover,35.2,Byrnes,ORCID_ID,ORCID,Byrnes Lab,SOMEIDHERE,OceanExpert,Stone Living Lab Intertidal Monitoring,Jarrett Byrnes,jarrett.byrnes@umb.edu,ORCID_ID,ORCID
GOOS Macroalgal Intertidal Percent Cover Survey_2021_6_24_Rainsford_1_High_6,42.313101,70.950832,Rainsford,24,6,2021,GOOS Macroalgal Intertidal Percent Cover Survey,1,6,High,21,30,NA,Boulder,WORMS,FUDI,Fucus distichus,80300903,Macroalgae: Erect coarse branching: Brown,1.4,Percent Cover,54.2,Byrnes,ORCID_ID,ORCID,Byrnes Lab,SOMEIDHERE,OceanExpert,Stone Living Lab Intertidal Monitoring,Jarrett Byrnes,jarrett.byrnes@umb.edu,ORCID_ID,ORCID
GOOS Macroalgal Intertidal Percent Cover Survey_2021_6_24_Rainsford_1_Low_1,42.31318,70.950312,Rainsford,24,6,2021,GOOS Macroalgal Intertidal Percent Cover Survey,1,1,Low,5,45,NA,Cobble,WORMS,CLCI,Clathromorphum circumscriptum,80300929,Macroalgae: Encrusting: Red: Calcareous,1.4,Percent Cover,24,Laura/Liana,OCEANEXPERTID,ORCID,Byrnes Lab,SOMEIDHERE,OceanExpert,Stone Living Lab Intertidal Monitoring,Jarrett Byrnes,jarrett.byrnes@umb.edu,ORCID_ID,ORCID
GOOS Macroalgal Intertidal Percent Cover Survey_2021_6_24_Rainsford_1_Low_1,42.31318,70.950312,Rainsford,24,6,2021,GOOS Macroalgal Intertidal Percent Cover Survey,1,1,Low,5,45,NA,Cobble,WORMS,COPE,Colpomenia peregrina,80300914,Macroalgae: Globose / saccate: Brown,1.4,Percent Cover,1,Laura/Liana,OCEANEXPERTID,ORCID,Byrnes Lab,SOMEIDHERE,OceanExpert,Stone Living Lab Intertidal Monitoring,Jarrett Byrnes,jarrett.byrnes@umb.edu,ORCID_ID,ORCID
GOOS Macroalgal Intertidal Percent Cover Survey_2021_6_24_Rainsford_1_Low_1,42.31318,70.950312,Rainsford,24,6,2021,GOOS Macroalgal Intertidal Percent Cover Survey,1,1,Low,5,45,NA,Cobble,WORMS,LADI,Laminaria digitata,80300901,Macroalgae: Large canopy-forming: Brown,1.4,Percent Cover,2,Laura/Liana,OCEANEXPERTID,ORCID,Byrnes Lab,SOMEIDHERE,OceanExpert,Stone Living Lab Intertidal Monitoring,Jarrett Byrnes,jarrett.byrnes@umb.edu,ORCID_ID,ORCID
GOOS Macroalgal Intertidal Percent Cover Survey_2021_6_24_Rainsford_1_Low_1,42.31318,70.950312,Rainsford,24,6,2021,GOOS Macroalgal Intertidal Percent Cover Survey,1,1,Low,5,45,NA,Cobble,WORMS,MAST,Mastocarpus stellatus,80300903,Macroalgae: Erect coarse branching: Red,1.4,Percent Cover,14,Laura/Liana,OCEANEXPERTID,ORCID,Byrnes Lab,SOMEIDHERE,OceanExpert,Stone Living Lab Intertidal Monitoring,Jarrett Byrnes,jarrett.byrnes@umb.edu,ORCID_ID,ORCID
GOOS Macroalgal Intertidal Percent Cover Survey_2021_6_24_Rainsford_1_Low_1,42.31318,70.950312,Rainsford,24,6,2021,GOOS Macroalgal Intertidal Percent Cover Survey,1,1,Low,5,45,NA,Cobble,WORMS,POLS,Polysiphonia,80300930,Macroalgae: Filamentous / filiform: Red,1.4,Percent Cover,37,Laura/Liana,OCEANEXPERTID,ORCID,Byrnes Lab,SOMEIDHERE,OceanExpert,Stone Living Lab Intertidal Monitoring,Jarrett Byrnes,jarrett.byrnes@umb.edu,ORCID_ID,ORCID
GOOS Macroalgal Intertidal Percent Cover Survey_2021_6_24_Rainsford_1_Low_1,42.31318,70.950312,Rainsford,24,6,2021,GOOS Macroalgal Intertidal Percent Cover Survey,1,1,Low,5,45,NA,Cobble,WORMS,SCLO,Scytosiphon lomentaria,80300907,Macroalgae: Erect fine branching: Red,1.4,Percent Cover,6,Laura/Liana,OCEANEXPERTID,ORCID,Byrnes Lab,SOMEIDHERE,OceanExpert,Stone Living Lab Intertidal Monitoring,Jarrett Byrnes,jarrett.byrnes@umb.edu,ORCID_ID,ORCID
GOOS Macroalgal Intertidal Percent Cover Survey_2021_6_24_Rainsford_1_Low_1,42.31318,70.950312,Rainsford,24,6,2021,GOOS Macroalgal Intertidal Percent Cover Survey,1,1,Low,5,45,NA,Cobble,WORMS,SL,Saccharina latissima,80300901,Macroalgae: Large canopy-forming: Brown,1.4,Percent Cover,3,Laura/Liana,OCEANEXPERTID,ORCID,Byrnes Lab,SOMEIDHERE,OceanExpert,Stone Living Lab Intertidal Monitoring,Jarrett Byrnes,jarrett.byrnes@umb.edu,ORCID_ID,ORCID
GOOS Macroalgal Intertidal Percent Cover Survey_2021_6_24_Rainsford_1_Low_1,42.31318,70.950312,Rainsford,24,6,2021,GOOS Macroalgal Intertidal Percent Cover Survey,1,1,Low,5,45,NA,Cobble,WORMS,ULLA,Ulva lactuca,80300922,Macroalgae: Sheet-like / membraneous: Green,1.4,Percent Cover,2,Laura/Liana,OCEANEXPERTID,ORCID,Byrnes Lab,SOMEIDHERE,OceanExpert,Stone Living Lab Intertidal Monitoring,Jarrett Byrnes,jarrett.byrnes@umb.edu,ORCID_ID,ORCID
GOOS Macroalgal Intertidal Percent Cover Survey_2021_6_24_Rainsford_1_Low_2,42.313168,70.95041,Rainsford,24,6,2021,GOOS Macroalgal Intertidal Percent Cover Survey,1,2,Low,12,50,NA,Cobble,WORMS,CHCR,Chondrus crispus,80300922,Macroalgae: Sheet-like / membraneous: Red,1.4,Percent Cover,2,Laura/Liana,OCEANEXPERTID,ORCID,Byrnes Lab,SOMEIDHERE,OceanExpert,Stone Living Lab Intertidal Monitoring,Jarrett Byrnes,jarrett.byrnes@umb.edu,ORCID_ID,ORCID
GOOS Macroalgal Intertidal Percent Cover Survey_2021_6_24_Rainsford_1_Low_2,42.313168,70.95041,Rainsford,24,6,2021,GOOS Macroalgal Intertidal Percent Cover Survey,1,2,Low,12,50,NA,Cobble,WORMS,CLCI,Clathromorphum circumscriptum,80300929,Macroalgae: Encrusting: Red: Calcareous,1.4,Percent Cover,23,Laura/Liana,OCEANEXPERTID,ORCID,Byrnes Lab,SOMEIDHERE,OceanExpert,Stone Living Lab Intertidal Monitoring,Jarrett Byrnes,jarrett.byrnes@umb.edu,ORCID_ID,ORCID
GOOS Macroalgal Intertidal Percent Cover Survey_2021_6_24_Rainsford_1_Low_2,42.313168,70.95041,Rainsford,24,6,2021,GOOS Macroalgal Intertidal Percent Cover Survey,1,2,Low,12,50,NA,Cobble,WORMS,CO,Corallina officinalis,80300911,Macroalgae: Articulated calcareous: Red,1.4,Percent Cover,2,Laura/Liana,OCEANEXPERTID,ORCID,Byrnes Lab,SOMEIDHERE,OceanExpert,Stone Living Lab Intertidal Monitoring,Jarrett Byrnes,jarrett.byrnes@umb.edu,ORCID_ID,ORCID
GOOS Macroalgal Intertidal Percent Cover Survey_2021_6_24_Rainsford_1_Low_2,42.313168,70.95041,Rainsford,24,6,2021,GOOS Macroalgal Intertidal Percent Cover Survey,1,2,Low,12,50,NA,Cobble,WORMS,COPE,Colpomenia peregrina,80300914,Macroalgae: Globose / saccate: Brown,1.4,Percent Cover,2,Laura/Liana,OCEANEXPERTID,ORCID,Byrnes Lab,SOMEIDHERE,OceanExpert,Stone Living Lab Intertidal Monitoring,Jarrett Byrnes,jarrett.byrnes@umb.edu,ORCID_ID,ORCID
GOOS Macroalgal Intertidal Percent Cover Survey_2021_6_24_Rainsford_1_Low_2,42.313168,70.95041,Rainsford,24,6,2021,GOOS Macroalgal Intertidal Percent Cover Survey,1,2,Low,12,50,NA,Cobble,WORMS,MAST,Mastocarpus stellatus,80300903,Macroalgae: Erect coarse branching: Red,1.4,Percent Cover,32,Laura/Liana,OCEANEXPERTID,ORCID,Byrnes Lab,SOMEIDHERE,OceanExpert,Stone Living Lab Intertidal Monitoring,Jarrett Byrnes,jarrett.byrnes@umb.edu,ORCID_ID,ORCID
GOOS Macroalgal Intertidal Percent Cover Survey_2021_6_24_Rainsford_1_Low_2,42.313168,70.95041,Rainsford,24,6,2021,GOOS Macroalgal Intertidal Percent Cover Survey,1,2,Low,12,50,NA,Cobble,WORMS,POLS,Polysiphonia,80300930,Macroalgae: Filamentous / filiform: Red,1.4,Percent Cover,10,Laura/Liana,OCEANEXPERTID,ORCID,Byrnes Lab,SOMEIDHERE,OceanExpert,Stone Living Lab Intertidal Monitoring,Jarrett Byrnes,jarrett.byrnes@umb.edu,ORCID_ID,ORCID
GOOS Macroalgal Intertidal Percent Cover Survey_2021_6_24_Rainsford_1_Low_2,42.313168,70.95041,Rainsford,24,6,2021,GOOS Macroalgal Intertidal Percent Cover Survey,1,2,Low,12,50,NA,Cobble,WORMS,SCLO,Scytosiphon lomentaria,80300907,Macroalgae: Erect fine branching: Red,1.4,Percent Cover,9,Laura/Liana,OCEANEXPERTID,ORCID,Byrnes Lab,SOMEIDHERE,OceanExpert,Stone Living Lab Intertidal Monitoring,Jarrett Byrnes,jarrett.byrnes@umb.edu,ORCID_ID,ORCID
GOOS Macroalgal Intertidal Percent Cover Survey_2021_6_24_Rainsford_1_Low_3,42.313352,70.950547,Rainsford,24,6,2021,GOOS Macroalgal Intertidal Percent Cover Survey,1,3,Low,0,60,NA,Cobble,WORMS,AHPL,Ahnfeltia plicata,80300907,Macroalgae: Erect fine branching: Brown,1.4,Percent Cover,74,McCollum,OCEANEXPERTID,ORCID,Byrnes Lab,SOMEIDHERE,OceanExpert,Stone Living Lab Intertidal Monitoring,Jarrett Byrnes,jarrett.byrnes@umb.edu,ORCID_ID,ORCID
GOOS Macroalgal Intertidal Percent Cover Survey_2021_6_24_Rainsford_1_Low_3,42.313352,70.950547,Rainsford,24,6,2021,GOOS Macroalgal Intertidal Percent Cover Survey,1,3,Low,0,60,NA,Cobble,WORMS,CHCR,Chondrus crispus,80300922,Macroalgae: Sheet-like / membraneous: Red,1.4,Percent Cover,3.2,McCollum,OCEANEXPERTID,ORCID,Byrnes Lab,SOMEIDHERE,OceanExpert,Stone Living Lab Intertidal Monitoring,Jarrett Byrnes,jarrett.byrnes@umb.edu,ORCID_ID,ORCID
GOOS Macroalgal Intertidal Percent Cover Survey_2021_6_24_Rainsford_1_Low_3,42.313352,70.950547,Rainsford,24,6,2021,GOOS Macroalgal Intertidal Percent Cover Survey,1,3,Low,0,60,NA,Cobble,WORMS,CLCI,Clathromorphum circumscriptum,80300929,Macroalgae: Encrusting: Red: Calcareous,1.4,Percent Cover,9.3,McCollum,OCEANEXPERTID,ORCID,Byrnes Lab,SOMEIDHERE,OceanExpert,Stone Living Lab Intertidal Monitoring,Jarrett Byrnes,jarrett.byrnes@umb.edu,ORCID_ID,ORCID
GOOS Macroalgal Intertidal Percent Cover Survey_2021_6_24_Rainsford_1_Low_3,42.313352,70.950547,Rainsford,24,6,2021,GOOS Macroalgal Intertidal Percent Cover Survey,1,3,Low,0,60,NA,Cobble,WORMS,CO,Corallina officinalis,80300911,Macroalgae: Articulated calcareous: Red,1.4,Percent Cover,3.3000000000000003,McCollum,OCEANEXPERTID,ORCID,Byrnes Lab,SOMEIDHERE,OceanExpert,Stone Living Lab Intertidal Monitoring,Jarrett Byrnes,jarrett.byrnes@umb.edu,ORCID_ID,ORCID
GOOS Macroalgal Intertidal Percent Cover Survey_2021_6_24_Rainsford_1_Low_3,42.313352,70.950547,Rainsford,24,6,2021,GOOS Macroalgal Intertidal Percent Cover Survey,1,3,Low,0,60,NA,Cobble,WORMS,HIRU,Hildenbrandia rubra,80300929,Macroalgae: Encrusting: Red: Non-calcareous,1.4,Percent Cover,3,McCollum,OCEANEXPERTID,ORCID,Byrnes Lab,SOMEIDHERE,OceanExpert,Stone Living Lab Intertidal Monitoring,Jarrett Byrnes,jarrett.byrnes@umb.edu,ORCID_ID,ORCID
GOOS Macroalgal Intertidal Percent Cover Survey_2021_6_24_Rainsford_1_Low_3,42.313352,70.950547,Rainsford,24,6,2021,GOOS Macroalgal Intertidal Percent Cover Survey,1,3,Low,0,60,NA,Cobble,WORMS,MAST,Mastocarpus stellatus,80300903,Macroalgae: Erect coarse branching: Red,1.4,Percent Cover,3.1,McCollum,OCEANEXPERTID,ORCID,Byrnes Lab,SOMEIDHERE,OceanExpert,Stone Living Lab Intertidal Monitoring,Jarrett Byrnes,jarrett.byrnes@umb.edu,ORCID_ID,ORCID
GOOS Macroalgal Intertidal Percent Cover Survey_2021_6_24_Rainsford_1_Low_3,42.313352,70.950547,Rainsford,24,6,2021,GOOS Macroalgal Intertidal Percent Cover Survey,1,3,Low,0,60,NA,Cobble,WORMS,SCLO,Scytosiphon lomentaria,80300907,Macroalgae: Erect fine branching: Red,1.4,Percent Cover,8.2,McCollum,OCEANEXPERTID,ORCID,Byrnes Lab,SOMEIDHERE,OceanExpert,Stone Living Lab Intertidal Monitoring,Jarrett Byrnes,jarrett.byrnes@umb.edu,ORCID_ID,ORCID
GOOS Macroalgal Intertidal Percent Cover Survey_2021_6_24_Rainsford_1_Low_3,42.313352,70.950547,Rainsford,24,6,2021,GOOS Macroalgal Intertidal Percent Cover Survey,1,3,Low,0,60,NA,Cobble,WORMS,SL,Saccharina latissima,80300901,Macroalgae: Large canopy-forming: Brown,1.4,Percent Cover,6.499999999999999,McCollum,OCEANEXPERTID,ORCID,Byrnes Lab,SOMEIDHERE,OceanExpert,Stone Living Lab Intertidal Monitoring,Jarrett Byrnes,jarrett.byrnes@umb.edu,ORCID_ID,ORCID
GOOS Macroalgal Intertidal Percent Cover Survey_2021_6_24_Rainsford_1_Low_3,42.313352,70.950547,Rainsford,24,6,2021,GOOS Macroalgal Intertidal Percent Cover Survey,1,3,Low,0,60,NA,Cobble,WORMS,ULLA,Ulva lactuca,80300922,Macroalgae: Sheet-like / membraneous: Green,1.4,Percent Cover,2.1,McCollum,OCEANEXPERTID,ORCID,Byrnes Lab,SOMEIDHERE,OceanExpert,Stone Living Lab Intertidal Monitoring,Jarrett Byrnes,jarrett.byrnes@umb.edu,ORCID_ID,ORCID
GOOS Macroalgal Intertidal Percent Cover Survey_2021_6_24_Rainsford_1_Low_4,42.313227,70.95054,Rainsford,24,6,2021,GOOS Macroalgal Intertidal Percent Cover Survey,1,4,Low,0,60,NA,Cobble,WORMS,CHCR,Chondrus crispus,80300922,Macroalgae: Sheet-like / membraneous: Red,1.4,Percent Cover,46,McCollum,OCEANEXPERTID,ORCID,Byrnes Lab,SOMEIDHERE,OceanExpert,Stone Living Lab Intertidal Monitoring,Jarrett Byrnes,jarrett.byrnes@umb.edu,ORCID_ID,ORCID
GOOS Macroalgal Intertidal Percent Cover Survey_2021_6_24_Rainsford_1_Low_4,42.313227,70.95054,Rainsford,24,6,2021,GOOS Macroalgal Intertidal Percent Cover Survey,1,4,Low,0,60,NA,Cobble,WORMS,CLCI,Clathromorphum circumscriptum,80300929,Macroalgae: Encrusting: Red: Calcareous,1.4,Percent Cover,10,McCollum,OCEANEXPERTID,ORCID,Byrnes Lab,SOMEIDHERE,OceanExpert,Stone Living Lab Intertidal Monitoring,Jarrett Byrnes,jarrett.byrnes@umb.edu,ORCID_ID,ORCID
GOOS Macroalgal Intertidal Percent Cover Survey_2021_6_24_Rainsford_1_Low_4,42.313227,70.95054,Rainsford,24,6,2021,GOOS Macroalgal Intertidal Percent Cover Survey,1,4,Low,0,60,NA,Cobble,WORMS,CO,Corallina officinalis,80300911,Macroalgae: Articulated calcareous: Red,1.4,Percent Cover,1.4,McCollum,OCEANEXPERTID,ORCID,Byrnes Lab,SOMEIDHERE,OceanExpert,Stone Living Lab Intertidal Monitoring,Jarrett Byrnes,jarrett.byrnes@umb.edu,ORCID_ID,ORCID
GOOS Macroalgal Intertidal Percent Cover Survey_2021_6_24_Rainsford_1_Low_4,42.313227,70.95054,Rainsford,24,6,2021,GOOS Macroalgal Intertidal Percent Cover Survey,1,4,Low,0,60,NA,Cobble,WORMS,SCLO,Scytosiphon lomentaria,80300907,Macroalgae: Erect fine branching: Red,1.4,Percent Cover,13,McCollum,OCEANEXPERTID,ORCID,Byrnes Lab,SOMEIDHERE,OceanExpert,Stone Living Lab Intertidal Monitoring,Jarrett Byrnes,jarrett.byrnes@umb.edu,ORCID_ID,ORCID
GOOS Macroalgal Intertidal Percent Cover Survey_2021_6_24_Rainsford_1_Low_4,42.313227,70.95054,Rainsford,24,6,2021,GOOS Macroalgal Intertidal Percent Cover Survey,1,4,Low,0,60,NA,Cobble,WORMS,SL,Saccharina latissima,80300901,Macroalgae: Large canopy-forming: Brown,1.4,Percent Cover,5.1,McCollum,OCEANEXPERTID,ORCID,Byrnes Lab,SOMEIDHERE,OceanExpert,Stone Living Lab Intertidal Monitoring,Jarrett Byrnes,jarrett.byrnes@umb.edu,ORCID_ID,ORCID
GOOS Macroalgal Intertidal Percent Cover Survey_2021_6_24_Rainsford_1_Low_5,42.31338,70.95077,Rainsford,24,6,2021,GOOS Macroalgal Intertidal Percent Cover Survey,1,5,Low,8,60,NA,Cobble,WORMS,CLCI,Clathromorphum circumscriptum,80300929,Macroalgae: Encrusting: Red: Calcareous,1.4,Percent Cover,6,Byrnes,ORCID_ID,ORCID,Byrnes Lab,SOMEIDHERE,OceanExpert,Stone Living Lab Intertidal Monitoring,Jarrett Byrnes,jarrett.byrnes@umb.edu,ORCID_ID,ORCID
GOOS Macroalgal Intertidal Percent Cover Survey_2021_6_24_Rainsford_1_Low_5,42.31338,70.95077,Rainsford,24,6,2021,GOOS Macroalgal Intertidal Percent Cover Survey,1,5,Low,8,60,NA,Cobble,WORMS,MAST,Mastocarpus stellatus,80300903,Macroalgae: Erect coarse branching: Red,1.4,Percent Cover,12,Byrnes,ORCID_ID,ORCID,Byrnes Lab,SOMEIDHERE,OceanExpert,Stone Living Lab Intertidal Monitoring,Jarrett Byrnes,jarrett.byrnes@umb.edu,ORCID_ID,ORCID
GOOS Macroalgal Intertidal Percent Cover Survey_2021_6_24_Rainsford_1_Low_5,42.31338,70.95077,Rainsford,24,6,2021,GOOS Macroalgal Intertidal Percent Cover Survey,1,5,Low,8,60,NA,Cobble,WORMS,PHLE,Phymatolithon lenormandii,80300929,Macroalgae: Encrusting: Red: Calcareous,1.4,Percent Cover,1,Byrnes,ORCID_ID,ORCID,Byrnes Lab,SOMEIDHERE,OceanExpert,Stone Living Lab Intertidal Monitoring,Jarrett Byrnes,jarrett.byrnes@umb.edu,ORCID_ID,ORCID
GOOS Macroalgal Intertidal Percent Cover Survey_2021_6_24_Rainsford_1_Low_5,42.31338,70.95077,Rainsford,24,6,2021,GOOS Macroalgal Intertidal Percent Cover Survey,1,5,Low,8,60,NA,Cobble,WORMS,POLS,Polysiphonia,80300930,Macroalgae: Filamentous / filiform: Red,1.4,Percent Cover,12,Byrnes,ORCID_ID,ORCID,Byrnes Lab,SOMEIDHERE,OceanExpert,Stone Living Lab Intertidal Monitoring,Jarrett Byrnes,jarrett.byrnes@umb.edu,ORCID_ID,ORCID
GOOS Macroalgal Intertidal Percent Cover Survey_2021_6_24_Rainsford_1_Low_5,42.31338,70.95077,Rainsford,24,6,2021,GOOS Macroalgal Intertidal Percent Cover Survey,1,5,Low,8,60,NA,Cobble,WORMS,SCLO,Scytosiphon lomentaria,80300907,Macroalgae: Erect fine branching: Red,1.4,Percent Cover,30,Byrnes,ORCID_ID,ORCID,Byrnes Lab,SOMEIDHERE,OceanExpert,Stone Living Lab Intertidal Monitoring,Jarrett Byrnes,jarrett.byrnes@umb.edu,ORCID_ID,ORCID
GOOS Macroalgal Intertidal Percent Cover Survey_2021_6_24_Rainsford_1_Low_5,42.31338,70.95077,Rainsford,24,6,2021,GOOS Macroalgal Intertidal Percent Cover Survey,1,5,Low,8,60,NA,Cobble,WORMS,SLJ,Saccharina latissima,80300901,Macroalgae: Large canopy-forming: Brown,1.4,Percent Cover,7,Byrnes,ORCID_ID,ORCID,Byrnes Lab,SOMEIDHERE,OceanExpert,Stone Living Lab Intertidal Monitoring,Jarrett Byrnes,jarrett.byrnes@umb.edu,ORCID_ID,ORCID
GOOS Macroalgal Intertidal Percent Cover Survey_2021_6_24_Rainsford_1_Low_6,42.31339,70.950672,Rainsford,24,6,2021,GOOS Macroalgal Intertidal Percent Cover Survey,1,6,Low,4,60,NA,Cobble,WORMS,AHPL,Ahnfeltia plicata,80300907,Macroalgae: Erect fine branching: Brown,1.4,Percent Cover,5,Byrnes,ORCID_ID,ORCID,Byrnes Lab,SOMEIDHERE,OceanExpert,Stone Living Lab Intertidal Monitoring,Jarrett Byrnes,jarrett.byrnes@umb.edu,ORCID_ID,ORCID
GOOS Macroalgal Intertidal Percent Cover Survey_2021_6_24_Rainsford_1_Low_6,42.31339,70.950672,Rainsford,24,6,2021,GOOS Macroalgal Intertidal Percent Cover Survey,1,6,Low,4,60,NA,Cobble,WORMS,CLCI,Clathromorphum circumscriptum,80300929,Macroalgae: Encrusting: Red: Calcareous,1.4,Percent Cover,8,Byrnes,ORCID_ID,ORCID,Byrnes Lab,SOMEIDHERE,OceanExpert,Stone Living Lab Intertidal Monitoring,Jarrett Byrnes,jarrett.byrnes@umb.edu,ORCID_ID,ORCID
GOOS Macroalgal Intertidal Percent Cover Survey_2021_6_24_Rainsford_1_Low_6,42.31339,70.950672,Rainsford,24,6,2021,GOOS Macroalgal Intertidal Percent Cover Survey,1,6,Low,4,60,NA,Cobble,WORMS,CO,Corallina officinalis,80300911,Macroalgae: Articulated calcareous: Red,1.4,Percent Cover,6,Byrnes,ORCID_ID,ORCID,Byrnes Lab,SOMEIDHERE,OceanExpert,Stone Living Lab Intertidal Monitoring,Jarrett Byrnes,jarrett.byrnes@umb.edu,ORCID_ID,ORCID
GOOS Macroalgal Intertidal Percent Cover Survey_2021_6_24_Rainsford_1_Low_6,42.31339,70.950672,Rainsford,24,6,2021,GOOS Macroalgal Intertidal Percent Cover Survey,1,6,Low,4,60,NA,Cobble,WORMS,COPE,Colpomenia peregrina,80300914,Macroalgae: Globose / saccate: Brown,1.4,Percent Cover,1,Byrnes,ORCID_ID,ORCID,Byrnes Lab,SOMEIDHERE,OceanExpert,Stone Living Lab Intertidal Monitoring,Jarrett Byrnes,jarrett.byrnes@umb.edu,ORCID_ID,ORCID
GOOS Macroalgal Intertidal Percent Cover Survey_2021_6_24_Rainsford_1_Low_6,42.31339,70.950672,Rainsford,24,6,2021,GOOS Macroalgal Intertidal Percent Cover Survey,1,6,Low,4,60,NA,Cobble,WORMS,MAST,Mastocarpus stellatus,80300903,Macroalgae: Erect coarse branching: Red,1.4,Percent Cover,42,Byrnes,ORCID_ID,ORCID,Byrnes Lab,SOMEIDHERE,OceanExpert,Stone Living Lab Intertidal Monitoring,Jarrett Byrnes,jarrett.byrnes@umb.edu,ORCID_ID,ORCID
GOOS Macroalgal Intertidal Percent Cover Survey_2021_6_24_Rainsford_1_Low_6,42.31339,70.950672,Rainsford,24,6,2021,GOOS Macroalgal Intertidal Percent Cover Survey,1,6,Low,4,60,NA,Cobble,WORMS,PHLE,Phymatolithon lenormandii,80300929,Macroalgae: Encrusting: Red: Calcareous,1.4,Percent Cover,4,Byrnes,ORCID_ID,ORCID,Byrnes Lab,SOMEIDHERE,OceanExpert,Stone Living Lab Intertidal Monitoring,Jarrett Byrnes,jarrett.byrnes@umb.edu,ORCID_ID,ORCID
GOOS Macroalgal Intertidal Percent Cover Survey_2021_6_24_Rainsford_1_Low_6,42.31339,70.950672,Rainsford,24,6,2021,GOOS Macroalgal Intertidal Percent Cover Survey,1,6,Low,4,60,NA,Cobble,WORMS,POLS,Polysiphonia,80300930,Macroalgae: Filamentous / filiform: Red,1.4,Percent Cover,81,Byrnes,ORCID_ID,ORCID,Byrnes Lab,SOMEIDHERE,OceanExpert,Stone Living Lab Intertidal Monitoring,Jarrett Byrnes,jarrett.byrnes@umb.edu,ORCID_ID,ORCID
GOOS Macroalgal Intertidal Percent Cover Survey_2021_6_24_Rainsford_1_Low_6,42.31339,70.950672,Rainsford,24,6,2021,GOOS Macroalgal Intertidal Percent Cover Survey,1,6,Low,4,60,NA,Cobble,WORMS,SCLO,Scytosiphon lomentaria,80300907,Macroalgae: Erect fine branching: Red,1.4,Percent Cover,6,Byrnes,ORCID_ID,ORCID,Byrnes Lab,SOMEIDHERE,OceanExpert,Stone Living Lab Intertidal Monitoring,Jarrett Byrnes,jarrett.byrnes@umb.edu,ORCID_ID,ORCID
GOOS Macroalgal Intertidal Percent Cover Survey_2021_6_24_Rainsford_1_Low_6,42.31339,70.950672,Rainsford,24,6,2021,GOOS Macroalgal Intertidal Percent Cover Survey,1,6,Low,4,60,NA,Cobble,WORMS,SLJ,Saccharina latissima,80300901,Macroalgae: Large canopy-forming: Brown,1.4,Percent Cover,6,Byrnes,ORCID_ID,ORCID,Byrnes Lab,SOMEIDHERE,OceanExpert,Stone Living Lab Intertidal Monitoring,Jarrett Byrnes,jarrett.byrnes@umb.edu,ORCID_ID,ORCID
GOOS Macroalgal Intertidal Percent Cover Survey_2021_6_24_Rainsford_1_Mid_1,42.313143,70.950499,Rainsford,24,6,2021,GOOS Macroalgal Intertidal Percent Cover Survey,1,1,Mid,10,50,NA,Shell Hash,WORMS,CHCR,Chondrus crispus,80300922,Macroalgae: Sheet-like / membraneous: Red,1.4,Percent Cover,5,Laura/Liana,OCEANEXPERTID,ORCID,Byrnes Lab,SOMEIDHERE,OceanExpert,Stone Living Lab Intertidal Monitoring,Jarrett Byrnes,jarrett.byrnes@umb.edu,ORCID_ID,ORCID
GOOS Macroalgal Intertidal Percent Cover Survey_2021_6_24_Rainsford_1_Mid_1,42.313143,70.950499,Rainsford,24,6,2021,GOOS Macroalgal Intertidal Percent Cover Survey,1,1,Mid,10,50,NA,Shell Hash,WORMS,CLCI,Clathromorphum circumscriptum,80300929,Macroalgae: Encrusting: Red: Calcareous,1.4,Percent Cover,36,Laura/Liana,OCEANEXPERTID,ORCID,Byrnes Lab,SOMEIDHERE,OceanExpert,Stone Living Lab Intertidal Monitoring,Jarrett Byrnes,jarrett.byrnes@umb.edu,ORCID_ID,ORCID
GOOS Macroalgal Intertidal Percent Cover Survey_2021_6_24_Rainsford_1_Mid_1,42.313143,70.950499,Rainsford,24,6,2021,GOOS Macroalgal Intertidal Percent Cover Survey,1,1,Mid,10,50,NA,Shell Hash,WORMS,CO,Corallina officinalis,80300911,Macroalgae: Articulated calcareous: Red,1.4,Percent Cover,9,Laura/Liana,OCEANEXPERTID,ORCID,Byrnes Lab,SOMEIDHERE,OceanExpert,Stone Living Lab Intertidal Monitoring,Jarrett Byrnes,jarrett.byrnes@umb.edu,ORCID_ID,ORCID
GOOS Macroalgal Intertidal Percent Cover Survey_2021_6_24_Rainsford_1_Mid_1,42.313143,70.950499,Rainsford,24,6,2021,GOOS Macroalgal Intertidal Percent Cover Survey,1,1,Mid,10,50,NA,Shell Hash,WORMS,FUVE,Fucus vesiculosus,80300903,Macroalgae: Erect coarse branching: Brown,1.4,Percent Cover,8,Laura/Liana,OCEANEXPERTID,ORCID,Byrnes Lab,SOMEIDHERE,OceanExpert,Stone Living Lab Intertidal Monitoring,Jarrett Byrnes,jarrett.byrnes@umb.edu,ORCID_ID,ORCID
GOOS Macroalgal Intertidal Percent Cover Survey_2021_6_24_Rainsford_1_Mid_1,42.313143,70.950499,Rainsford,24,6,2021,GOOS Macroalgal Intertidal Percent Cover Survey,1,1,Mid,10,50,NA,Shell Hash,WORMS,LADI,Laminaria digitata,80300901,Macroalgae: Large canopy-forming: Brown,1.4,Percent Cover,3,Laura/Liana,OCEANEXPERTID,ORCID,Byrnes Lab,SOMEIDHERE,OceanExpert,Stone Living Lab Intertidal Monitoring,Jarrett Byrnes,jarrett.byrnes@umb.edu,ORCID_ID,ORCID
GOOS Macroalgal Intertidal Percent Cover Survey_2021_6_24_Rainsford_1_Mid_1,42.313143,70.950499,Rainsford,24,6,2021,GOOS Macroalgal Intertidal Percent Cover Survey,1,1,Mid,10,50,NA,Shell Hash,WORMS,MAST,Mastocarpus stellatus,80300903,Macroalgae: Erect coarse branching: Red,1.4,Percent Cover,14.1,Laura/Liana,OCEANEXPERTID,ORCID,Byrnes Lab,SOMEIDHERE,OceanExpert,Stone Living Lab Intertidal Monitoring,Jarrett Byrnes,jarrett.byrnes@umb.edu,ORCID_ID,ORCID
GOOS Macroalgal Intertidal Percent Cover Survey_2021_6_24_Rainsford_1_Mid_1,42.313143,70.950499,Rainsford,24,6,2021,GOOS Macroalgal Intertidal Percent Cover Survey,1,1,Mid,10,50,NA,Shell Hash,WORMS,POLS,Polysiphonia,80300930,Macroalgae: Filamentous / filiform: Red,1.4,Percent Cover,14,Laura/Liana,OCEANEXPERTID,ORCID,Byrnes Lab,SOMEIDHERE,OceanExpert,Stone Living Lab Intertidal Monitoring,Jarrett Byrnes,jarrett.byrnes@umb.edu,ORCID_ID,ORCID
GOOS Macroalgal Intertidal Percent Cover Survey_2021_6_24_Rainsford_1_Mid_1,42.313143,70.950499,Rainsford,24,6,2021,GOOS Macroalgal Intertidal Percent Cover Survey,1,1,Mid,10,50,NA,Shell Hash,WORMS,SCLO,Scytosiphon lomentaria,80300907,Macroalgae: Erect fine branching: Red,1.4,Percent Cover,16,Laura/Liana,OCEANEXPERTID,ORCID,Byrnes Lab,SOMEIDHERE,OceanExpert,Stone Living Lab Intertidal Monitoring,Jarrett Byrnes,jarrett.byrnes@umb.edu,ORCID_ID,ORCID
GOOS Macroalgal Intertidal Percent Cover Survey_2021_6_24_Rainsford_1_Mid_2,42.313014,70.950569,Rainsford,24,6,2021,GOOS Macroalgal Intertidal Percent Cover Survey,1,2,Mid,7,40,NA,Shell Hash,CATAMI,FG,Macroalgae: Filamentous / filiform: Green,80300930,Macroalgae: Filamentous / filiform: Green,1.4,Percent Cover,21,Laura/Liana,OCEANEXPERTID,ORCID,Byrnes Lab,SOMEIDHERE,OceanExpert,Stone Living Lab Intertidal Monitoring,Jarrett Byrnes,jarrett.byrnes@umb.edu,ORCID_ID,ORCID
GOOS Macroalgal Intertidal Percent Cover Survey_2021_6_24_Rainsford_1_Mid_2,42.313014,70.950569,Rainsford,24,6,2021,GOOS Macroalgal Intertidal Percent Cover Survey,1,2,Mid,7,40,NA,Shell Hash,WORMS,FUSP,Fucus spiralis,80300903,Macroalgae: Erect coarse branching: Brown,1.4,Percent Cover,22,Laura/Liana,OCEANEXPERTID,ORCID,Byrnes Lab,SOMEIDHERE,OceanExpert,Stone Living Lab Intertidal Monitoring,Jarrett Byrnes,jarrett.byrnes@umb.edu,ORCID_ID,ORCID
GOOS Macroalgal Intertidal Percent Cover Survey_2021_6_24_Rainsford_1_Mid_2,42.313014,70.950569,Rainsford,24,6,2021,GOOS Macroalgal Intertidal Percent Cover Survey,1,2,Mid,7,40,NA,Shell Hash,WORMS,FUVE,Fucus vesiculosus,80300903,Macroalgae: Erect coarse branching: Brown,1.4,Percent Cover,49,Laura/Liana,OCEANEXPERTID,ORCID,Byrnes Lab,SOMEIDHERE,OceanExpert,Stone Living Lab Intertidal Monitoring,Jarrett Byrnes,jarrett.byrnes@umb.edu,ORCID_ID,ORCID
GOOS Macroalgal Intertidal Percent Cover Survey_2021_6_24_Rainsford_1_Mid_2,42.313014,70.950569,Rainsford,24,6,2021,GOOS Macroalgal Intertidal Percent Cover Survey,1,2,Mid,7,40,NA,Shell Hash,WORMS,MAST,Mastocarpus stellatus,80300903,Macroalgae: Erect coarse branching: Red,1.4,Percent Cover,2,Laura/Liana,OCEANEXPERTID,ORCID,Byrnes Lab,SOMEIDHERE,OceanExpert,Stone Living Lab Intertidal Monitoring,Jarrett Byrnes,jarrett.byrnes@umb.edu,ORCID_ID,ORCID
GOOS Macroalgal Intertidal Percent Cover Survey_2021_6_24_Rainsford_1_Mid_3,42.313247,70.95072,Rainsford,24,6,2021,GOOS Macroalgal Intertidal Percent Cover Survey,1,3,Mid,0,60,NA,Cobble,WORMS,CHCR,Chondrus crispus,80300922,Macroalgae: Sheet-like / membraneous: Red,1.4,Percent Cover,5.1,McCollum,OCEANEXPERTID,ORCID,Byrnes Lab,SOMEIDHERE,OceanExpert,Stone Living Lab Intertidal Monitoring,Jarrett Byrnes,jarrett.byrnes@umb.edu,ORCID_ID,ORCID
GOOS Macroalgal Intertidal Percent Cover Survey_2021_6_24_Rainsford_1_Mid_3,42.313247,70.95072,Rainsford,24,6,2021,GOOS Macroalgal Intertidal Percent Cover Survey,1,3,Mid,0,60,NA,Cobble,WORMS,CLCI,Clathromorphum circumscriptum,80300929,Macroalgae: Encrusting: Red: Calcareous,1.4,Percent Cover,2.3000000000000003,McCollum,OCEANEXPERTID,ORCID,Byrnes Lab,SOMEIDHERE,OceanExpert,Stone Living Lab Intertidal Monitoring,Jarrett Byrnes,jarrett.byrnes@umb.edu,ORCID_ID,ORCID
GOOS Macroalgal Intertidal Percent Cover Survey_2021_6_24_Rainsford_1_Mid_3,42.313247,70.95072,Rainsford,24,6,2021,GOOS Macroalgal Intertidal Percent Cover Survey,1,3,Mid,0,60,NA,Cobble,WORMS,FUDI,Fucus distichus,80300903,Macroalgae: Erect coarse branching: Brown,1.4,Percent Cover,1,McCollum,OCEANEXPERTID,ORCID,Byrnes Lab,SOMEIDHERE,OceanExpert,Stone Living Lab Intertidal Monitoring,Jarrett Byrnes,jarrett.byrnes@umb.edu,ORCID_ID,ORCID
GOOS Macroalgal Intertidal Percent Cover Survey_2021_6_24_Rainsford_1_Mid_3,42.313247,70.95072,Rainsford,24,6,2021,GOOS Macroalgal Intertidal Percent Cover Survey,1,3,Mid,0,60,NA,Cobble,WORMS,SCLO,Scytosiphon lomentaria,80300907,Macroalgae: Erect fine branching: Red,1.4,Percent Cover,2.1,McCollum,OCEANEXPERTID,ORCID,Byrnes Lab,SOMEIDHERE,OceanExpert,Stone Living Lab Intertidal Monitoring,Jarrett Byrnes,jarrett.byrnes@umb.edu,ORCID_ID,ORCID
GOOS Macroalgal Intertidal Percent Cover Survey_2021_6_24_Rainsford_1_Mid_4,42.31314,70.950739,Rainsford,24,6,2021,GOOS Macroalgal Intertidal Percent Cover Survey,1,4,Mid,0,60,NA,Cobble,WORMS,CHCR,Chondrus crispus,80300922,Macroalgae: Sheet-like / membraneous: Red,1.4,Percent Cover,1,McCollum,OCEANEXPERTID,ORCID,Byrnes Lab,SOMEIDHERE,OceanExpert,Stone Living Lab Intertidal Monitoring,Jarrett Byrnes,jarrett.byrnes@umb.edu,ORCID_ID,ORCID
GOOS Macroalgal Intertidal Percent Cover Survey_2021_6_24_Rainsford_1_Mid_4,42.31314,70.950739,Rainsford,24,6,2021,GOOS Macroalgal Intertidal Percent Cover Survey,1,4,Mid,0,60,NA,Cobble,WORMS,CO,Corallina officinalis,80300911,Macroalgae: Articulated calcareous: Red,1.4,Percent Cover,0.1,McCollum,OCEANEXPERTID,ORCID,Byrnes Lab,SOMEIDHERE,OceanExpert,Stone Living Lab Intertidal Monitoring,Jarrett Byrnes,jarrett.byrnes@umb.edu,ORCID_ID,ORCID
GOOS Macroalgal Intertidal Percent Cover Survey_2021_6_24_Rainsford_1_Mid_4,42.31314,70.950739,Rainsford,24,6,2021,GOOS Macroalgal Intertidal Percent Cover Survey,1,4,Mid,0,60,NA,Cobble,WORMS,COFR,Codium fragile,80300903,Macroalgae: Erect coarse branching: Green,1.4,Percent Cover,2,McCollum,OCEANEXPERTID,ORCID,Byrnes Lab,SOMEIDHERE,OceanExpert,Stone Living Lab Intertidal Monitoring,Jarrett Byrnes,jarrett.byrnes@umb.edu,ORCID_ID,ORCID
GOOS Macroalgal Intertidal Percent Cover Survey_2021_6_24_Rainsford_1_Mid_4,42.31314,70.950739,Rainsford,24,6,2021,GOOS Macroalgal Intertidal Percent Cover Survey,1,4,Mid,0,60,NA,Cobble,WORMS,FUDI,Fucus distichus,80300903,Macroalgae: Erect coarse branching: Brown,1.4,Percent Cover,49,McCollum,OCEANEXPERTID,ORCID,Byrnes Lab,SOMEIDHERE,OceanExpert,Stone Living Lab Intertidal Monitoring,Jarrett Byrnes,jarrett.byrnes@umb.edu,ORCID_ID,ORCID
GOOS Macroalgal Intertidal Percent Cover Survey_2021_6_24_Rainsford_1_Mid_5,42.313249,70.950729,Rainsford,24,6,2021,GOOS Macroalgal Intertidal Percent Cover Survey,1,5,Mid,NA,60,NA,Cobble,WORMS,CLCI,Clathromorphum circumscriptum,80300929,Macroalgae: Encrusting: Red: Calcareous,1.4,Percent Cover,7,Byrnes,ORCID_ID,ORCID,Byrnes Lab,SOMEIDHERE,OceanExpert,Stone Living Lab Intertidal Monitoring,Jarrett Byrnes,jarrett.byrnes@umb.edu,ORCID_ID,ORCID
GOOS Macroalgal Intertidal Percent Cover Survey_2021_6_24_Rainsford_1_Mid_5,42.313249,70.950729,Rainsford,24,6,2021,GOOS Macroalgal Intertidal Percent Cover Survey,1,5,Mid,NA,60,NA,Cobble,WORMS,CO,Corallina officinalis,80300911,Macroalgae: Articulated calcareous: Red,1.4,Percent Cover,0.1,Byrnes,ORCID_ID,ORCID,Byrnes Lab,SOMEIDHERE,OceanExpert,Stone Living Lab Intertidal Monitoring,Jarrett Byrnes,jarrett.byrnes@umb.edu,ORCID_ID,ORCID
GOOS Macroalgal Intertidal Percent Cover Survey_2021_6_24_Rainsford_1_Mid_5,42.313249,70.950729,Rainsford,24,6,2021,GOOS Macroalgal Intertidal Percent Cover Survey,1,5,Mid,NA,60,NA,Cobble,WORMS,FUVE,Fucus vesiculosus,80300903,Macroalgae: Erect coarse branching: Brown,1.4,Percent Cover,13,Byrnes,ORCID_ID,ORCID,Byrnes Lab,SOMEIDHERE,OceanExpert,Stone Living Lab Intertidal Monitoring,Jarrett Byrnes,jarrett.byrnes@umb.edu,ORCID_ID,ORCID
GOOS Macroalgal Intertidal Percent Cover Survey_2021_6_24_Rainsford_1_Mid_5,42.313249,70.950729,Rainsford,24,6,2021,GOOS Macroalgal Intertidal Percent Cover Survey,1,5,Mid,NA,60,NA,Cobble,WORMS,MAST,Mastocarpus stellatus,80300903,Macroalgae: Erect coarse branching: Red,1.4,Percent Cover,22,Byrnes,ORCID_ID,ORCID,Byrnes Lab,SOMEIDHERE,OceanExpert,Stone Living Lab Intertidal Monitoring,Jarrett Byrnes,jarrett.byrnes@umb.edu,ORCID_ID,ORCID
GOOS Macroalgal Intertidal Percent Cover Survey_2021_6_24_Rainsford_1_Mid_5,42.313249,70.950729,Rainsford,24,6,2021,GOOS Macroalgal Intertidal Percent Cover Survey,1,5,Mid,NA,60,NA,Cobble,WORMS,PHLE,Phymatolithon lenormandii,80300929,Macroalgae: Encrusting: Red: Calcareous,1.4,Percent Cover,1.3,Byrnes,ORCID_ID,ORCID,Byrnes Lab,SOMEIDHERE,OceanExpert,Stone Living Lab Intertidal Monitoring,Jarrett Byrnes,jarrett.byrnes@umb.edu,ORCID_ID,ORCID
GOOS Macroalgal Intertidal Percent Cover Survey_2021_6_24_Rainsford_1_Mid_5,42.313249,70.950729,Rainsford,24,6,2021,GOOS Macroalgal Intertidal Percent Cover Survey,1,5,Mid,NA,60,NA,Cobble,WORMS,SCLO,Scytosiphon lomentaria,80300907,Macroalgae: Erect fine branching: Red,1.4,Percent Cover,10,Byrnes,ORCID_ID,ORCID,Byrnes Lab,SOMEIDHERE,OceanExpert,Stone Living Lab Intertidal Monitoring,Jarrett Byrnes,jarrett.byrnes@umb.edu,ORCID_ID,ORCID
GOOS Macroalgal Intertidal Percent Cover Survey_2021_6_24_Rainsford_1_Mid_6,42.313265,70.950865,Rainsford,24,6,2021,GOOS Macroalgal Intertidal Percent Cover Survey,1,6,Mid,4,60,NA,Cobble,WORMS,CLCI,Clathromorphum circumscriptum,80300929,Macroalgae: Encrusting: Red: Calcareous,1.4,Percent Cover,0.4,Byrnes,ORCID_ID,ORCID,Byrnes Lab,SOMEIDHERE,OceanExpert,Stone Living Lab Intertidal Monitoring,Jarrett Byrnes,jarrett.byrnes@umb.edu,ORCID_ID,ORCID
GOOS Macroalgal Intertidal Percent Cover Survey_2021_6_24_Rainsford_1_Mid_6,42.313265,70.950865,Rainsford,24,6,2021,GOOS Macroalgal Intertidal Percent Cover Survey,1,6,Mid,4,60,NA,Cobble,WORMS,FUSP,Fucus spiralis,80300903,Macroalgae: Erect coarse branching: Brown,1.4,Percent Cover,39,Byrnes,ORCID_ID,ORCID,Byrnes Lab,SOMEIDHERE,OceanExpert,Stone Living Lab Intertidal Monitoring,Jarrett Byrnes,jarrett.byrnes@umb.edu,ORCID_ID,ORCID
GOOS Macroalgal Intertidal Percent Cover Survey_2021_6_24_Rainsford_1_Mid_6,42.313265,70.950865,Rainsford,24,6,2021,GOOS Macroalgal Intertidal Percent Cover Survey,1,6,Mid,4,60,NA,Cobble,WORMS,MAST,Mastocarpus stellatus,80300903,Macroalgae: Erect coarse branching: Red,1.4,Percent Cover,12,Byrnes,ORCID_ID,ORCID,Byrnes Lab,SOMEIDHERE,OceanExpert,Stone Living Lab Intertidal Monitoring,Jarrett Byrnes,jarrett.byrnes@umb.edu,ORCID_ID,ORCID
GOOS Macroalgal Intertidal Percent Cover Survey_2021_6_24_Rainsford_1_Mid_6,42.313265,70.950865,Rainsford,24,6,2021,GOOS Macroalgal Intertidal Percent Cover Survey,1,6,Mid,4,60,NA,Cobble,WORMS,PHLE,Phymatolithon lenormandii,80300929,Macroalgae: Encrusting: Red: Calcareous,1.4,Percent Cover,3.4000000000000004,Byrnes,ORCID_ID,ORCID,Byrnes Lab,SOMEIDHERE,OceanExpert,Stone Living Lab Intertidal Monitoring,Jarrett Byrnes,jarrett.byrnes@umb.edu,ORCID_ID,ORCID
GOOS Macroalgal Intertidal Percent Cover Survey_2021_6_24_Rainsford_1_Mid_6,42.313265,70.950865,Rainsford,24,6,2021,GOOS Macroalgal Intertidal Percent Cover Survey,1,6,Mid,4,60,NA,Cobble,WORMS,POLS,Polysiphonia,80300930,Macroalgae: Filamentous / filiform: Red,1.4,Percent Cover,2,Byrnes,ORCID_ID,ORCID,Byrnes Lab,SOMEIDHERE,OceanExpert,Stone Living Lab Intertidal Monitoring,Jarrett Byrnes,jarrett.byrnes@umb.edu,ORCID_ID,ORCID
GOOS Macroalgal Intertidal Percent Cover Survey_2021_6_24_Rainsford_1_Mid_6,42.313265,70.950865,Rainsford,24,6,2021,GOOS Macroalgal Intertidal Percent Cover Survey,1,6,Mid,4,60,NA,Cobble,WORMS,SCLO,Scytosiphon lomentaria,80300907,Macroalgae: Erect fine branching: Red,1.4,Percent Cover,14,Byrnes,ORCID_ID,ORCID,Byrnes Lab,SOMEIDHERE,OceanExpert,Stone Living Lab Intertidal Monitoring,Jarrett Byrnes,jarrett.byrnes@umb.edu,ORCID_ID,ORCID
GOOS Macroalgal Intertidal Percent Cover Survey_2022_6_18_Rainsford_1_High_1,42.313039,70.950594,Rainsford,18,6,2022,GOOS Macroalgal Intertidal Percent Cover Survey,1,1,High,52.7,32,NA,Boulder,WORMS,FU,Fucus,80300903,Macroalgae: Erect coarse branching: Red,1.4,Percent Cover,3.900000000000001,Byrnes,ORCID_ID,ORCID,Byrnes Lab,SOMEIDHERE,OceanExpert,Stone Living Lab Intertidal Monitoring,Jarrett Byrnes,jarrett.byrnes@umb.edu,ORCID_ID,ORCID
GOOS Macroalgal Intertidal Percent Cover Survey_2022_6_18_Rainsford_1_High_2,42.313012,70.950788,Rainsford,18,6,2022,GOOS Macroalgal Intertidal Percent Cover Survey,1,2,High,44.5,83,NA,Boulder,WORMS,FU,Fucus,80300903,Macroalgae: Erect coarse branching: Red,1.4,Percent Cover,3.1000000000000005,Byrnes,ORCID_ID,ORCID,Byrnes Lab,SOMEIDHERE,OceanExpert,Stone Living Lab Intertidal Monitoring,Jarrett Byrnes,jarrett.byrnes@umb.edu,ORCID_ID,ORCID
GOOS Macroalgal Intertidal Percent Cover Survey_2022_6_18_Rainsford_1_High_2,42.313012,70.950788,Rainsford,18,6,2022,GOOS Macroalgal Intertidal Percent Cover Survey,1,2,High,44.5,83,NA,Boulder,WORMS,ULLA,Ulva lactuca,80300922,Macroalgae: Sheet-like / membraneous: Green,1.4,Percent Cover,64.6,Byrnes,ORCID_ID,ORCID,Byrnes Lab,SOMEIDHERE,OceanExpert,Stone Living Lab Intertidal Monitoring,Jarrett Byrnes,jarrett.byrnes@umb.edu,ORCID_ID,ORCID
GOOS Macroalgal Intertidal Percent Cover Survey_2022_6_18_Rainsford_1_High_4,42.313077,70.950802,Rainsford,18,6,2022,GOOS Macroalgal Intertidal Percent Cover Survey,1,4,High,5,35,NA,Boulder,WORMS,FUSP,Fucus spiralis,80300903,Macroalgae: Erect coarse branching: Brown,1.4,Percent Cover,16,Laura/Callie,NA,NA,Byrnes Lab,SOMEIDHERE,OceanExpert,Stone Living Lab Intertidal Monitoring,Jarrett Byrnes,jarrett.byrnes@umb.edu,ORCID_ID,ORCID
GOOS Macroalgal Intertidal Percent Cover Survey_2022_6_18_Rainsford_1_High_4,42.313077,70.950802,Rainsford,18,6,2022,GOOS Macroalgal Intertidal Percent Cover Survey,1,4,High,5,35,NA,Boulder,WORMS,HIRU,Hildenbrandia rubra,80300929,Macroalgae: Encrusting: Red: Non-calcareous,1.4,Percent Cover,13,Laura/Callie,NA,NA,Byrnes Lab,SOMEIDHERE,OceanExpert,Stone Living Lab Intertidal Monitoring,Jarrett Byrnes,jarrett.byrnes@umb.edu,ORCID_ID,ORCID
GOOS Macroalgal Intertidal Percent Cover Survey_2022_6_18_Rainsford_1_High_5,42.313184,70.950892,Rainsford,18,6,2022,GOOS Macroalgal Intertidal Percent Cover Survey,1,5,High,-15.6,32,NA,Boulder,WORMS,FU,Fucus,80300903,Macroalgae: Erect coarse branching: Red,1.4,Percent Cover,0.7,Breckie/Amy,NA,NA,Byrnes Lab,SOMEIDHERE,OceanExpert,Stone Living Lab Intertidal Monitoring,Jarrett Byrnes,jarrett.byrnes@umb.edu,ORCID_ID,ORCID
GOOS Macroalgal Intertidal Percent Cover Survey_2022_6_18_Rainsford_1_High_5,42.313184,70.950892,Rainsford,18,6,2022,GOOS Macroalgal Intertidal Percent Cover Survey,1,5,High,-15.6,32,NA,Boulder,WORMS,FUDI,Fucus distichus,80300903,Macroalgae: Erect coarse branching: Brown,1.4,Percent Cover,2.2,Breckie/Amy,NA,NA,Byrnes Lab,SOMEIDHERE,OceanExpert,Stone Living Lab Intertidal Monitoring,Jarrett Byrnes,jarrett.byrnes@umb.edu,ORCID_ID,ORCID
GOOS Macroalgal Intertidal Percent Cover Survey_2022_6_18_Rainsford_1_High_5,42.313184,70.950892,Rainsford,18,6,2022,GOOS Macroalgal Intertidal Percent Cover Survey,1,5,High,-15.6,32,NA,Boulder,WORMS,FUSP,Fucus spiralis,80300903,Macroalgae: Erect coarse branching: Brown,1.4,Percent Cover,1.1,Breckie/Amy,NA,NA,Byrnes Lab,SOMEIDHERE,OceanExpert,Stone Living Lab Intertidal Monitoring,Jarrett Byrnes,jarrett.byrnes@umb.edu,ORCID_ID,ORCID
GOOS Macroalgal Intertidal Percent Cover Survey_2022_6_18_Rainsford_1_High_6,42.313201,70.950837,Rainsford,18,6,2022,GOOS Macroalgal Intertidal Percent Cover Survey,1,6,High,34.4,41,NA,Cobble,WORMS,FU,Fucus,80300903,Macroalgae: Erect coarse branching: Red,1.4,Percent Cover,5,Breckie/Amy,NA,NA,Byrnes Lab,SOMEIDHERE,OceanExpert,Stone Living Lab Intertidal Monitoring,Jarrett Byrnes,jarrett.byrnes@umb.edu,ORCID_ID,ORCID
GOOS Macroalgal Intertidal Percent Cover Survey_2022_6_18_Rainsford_1_High_6,42.313201,70.950837,Rainsford,18,6,2022,GOOS Macroalgal Intertidal Percent Cover Survey,1,6,High,34.4,41,NA,Cobble,WORMS,FUDI,Fucus distichus,80300903,Macroalgae: Erect coarse branching: Brown,1.4,Percent Cover,1,Breckie/Amy,NA,NA,Byrnes Lab,SOMEIDHERE,OceanExpert,Stone Living Lab Intertidal Monitoring,Jarrett Byrnes,jarrett.byrnes@umb.edu,ORCID_ID,ORCID
GOOS Macroalgal Intertidal Percent Cover Survey_2022_6_18_Rainsford_1_Mid_1,42.312941,70.950716,Rainsford,18,6,2022,GOOS Macroalgal Intertidal Percent Cover Survey,1,1,Mid,12.7,38,NA,Cobble,WORMS,FU,Fucus,80300903,Macroalgae: Erect coarse branching: Red,1.4,Percent Cover,4,Byrnes,ORCID_ID,ORCID,Byrnes Lab,SOMEIDHERE,OceanExpert,Stone Living Lab Intertidal Monitoring,Jarrett Byrnes,jarrett.byrnes@umb.edu,ORCID_ID,ORCID
GOOS Macroalgal Intertidal Percent Cover Survey_2022_6_18_Rainsford_1_Mid_1,42.312941,70.950716,Rainsford,18,6,2022,GOOS Macroalgal Intertidal Percent Cover Survey,1,1,Mid,12.7,38,NA,Cobble,WORMS,FUSP,Fucus spiralis,80300903,Macroalgae: Erect coarse branching: Brown,1.4,Percent Cover,43,Byrnes,ORCID_ID,ORCID,Byrnes Lab,SOMEIDHERE,OceanExpert,Stone Living Lab Intertidal Monitoring,Jarrett Byrnes,jarrett.byrnes@umb.edu,ORCID_ID,ORCID
GOOS Macroalgal Intertidal Percent Cover Survey_2022_6_18_Rainsford_1_Mid_1,42.312941,70.950716,Rainsford,18,6,2022,GOOS Macroalgal Intertidal Percent Cover Survey,1,1,Mid,12.7,38,NA,Cobble,WORMS,FUVE,Fucus vesiculosus,80300903,Macroalgae: Erect coarse branching: Brown,1.4,Percent Cover,23,Byrnes,ORCID_ID,ORCID,Byrnes Lab,SOMEIDHERE,OceanExpert,Stone Living Lab Intertidal Monitoring,Jarrett Byrnes,jarrett.byrnes@umb.edu,ORCID_ID,ORCID
GOOS Macroalgal Intertidal Percent Cover Survey_2022_6_18_Rainsford_1_Mid_1,42.312941,70.950716,Rainsford,18,6,2022,GOOS Macroalgal Intertidal Percent Cover Survey,1,1,Mid,12.7,38,NA,Cobble,WORMS,MAST,Mastocarpus stellatus,80300903,Macroalgae: Erect coarse branching: Red,1.4,Percent Cover,2,Byrnes,ORCID_ID,ORCID,Byrnes Lab,SOMEIDHERE,OceanExpert,Stone Living Lab Intertidal Monitoring,Jarrett Byrnes,jarrett.byrnes@umb.edu,ORCID_ID,ORCID
GOOS Macroalgal Intertidal Percent Cover Survey_2022_6_18_Rainsford_1_Mid_1,42.312941,70.950716,Rainsford,18,6,2022,GOOS Macroalgal Intertidal Percent Cover Survey,1,1,Mid,12.7,38,NA,Cobble,WORMS,ULLA,Ulva lactuca,80300922,Macroalgae: Sheet-like / membraneous: Green,1.4,Percent Cover,6,Byrnes,ORCID_ID,ORCID,Byrnes Lab,SOMEIDHERE,OceanExpert,Stone Living Lab Intertidal Monitoring,Jarrett Byrnes,jarrett.byrnes@umb.edu,ORCID_ID,ORCID
GOOS Macroalgal Intertidal Percent Cover Survey_2022_6_18_Rainsford_1_Mid_2,42.313058,70.950551,Rainsford,18,6,2022,GOOS Macroalgal Intertidal Percent Cover Survey,1,2,Mid,5.2,47,NA,Gravel,WORMS,FUDI,Fucus distichus,80300903,Macroalgae: Erect coarse branching: Brown,1.4,Percent Cover,1,Byrnes,ORCID_ID,ORCID,Byrnes Lab,SOMEIDHERE,OceanExpert,Stone Living Lab Intertidal Monitoring,Jarrett Byrnes,jarrett.byrnes@umb.edu,ORCID_ID,ORCID
GOOS Macroalgal Intertidal Percent Cover Survey_2022_6_18_Rainsford_1_Mid_2,42.313058,70.950551,Rainsford,18,6,2022,GOOS Macroalgal Intertidal Percent Cover Survey,1,2,Mid,5.2,47,NA,Gravel,WORMS,FUSP,Fucus spiralis,80300903,Macroalgae: Erect coarse branching: Brown,1.4,Percent Cover,42,Byrnes,ORCID_ID,ORCID,Byrnes Lab,SOMEIDHERE,OceanExpert,Stone Living Lab Intertidal Monitoring,Jarrett Byrnes,jarrett.byrnes@umb.edu,ORCID_ID,ORCID
GOOS Macroalgal Intertidal Percent Cover Survey_2022_6_18_Rainsford_1_Mid_2,42.313058,70.950551,Rainsford,18,6,2022,GOOS Macroalgal Intertidal Percent Cover Survey,1,2,Mid,5.2,47,NA,Gravel,WORMS,FUVE,Fucus vesiculosus,80300903,Macroalgae: Erect coarse branching: Brown,1.4,Percent Cover,24,Byrnes,ORCID_ID,ORCID,Byrnes Lab,SOMEIDHERE,OceanExpert,Stone Living Lab Intertidal Monitoring,Jarrett Byrnes,jarrett.byrnes@umb.edu,ORCID_ID,ORCID
GOOS Macroalgal Intertidal Percent Cover Survey_2022_6_18_Rainsford_1_Mid_2,42.313058,70.950551,Rainsford,18,6,2022,GOOS Macroalgal Intertidal Percent Cover Survey,1,2,Mid,5.2,47,NA,Gravel,WORMS,MAST,Mastocarpus stellatus,80300903,Macroalgae: Erect coarse branching: Red,1.4,Percent Cover,1.6,Byrnes,ORCID_ID,ORCID,Byrnes Lab,SOMEIDHERE,OceanExpert,Stone Living Lab Intertidal Monitoring,Jarrett Byrnes,jarrett.byrnes@umb.edu,ORCID_ID,ORCID
GOOS Macroalgal Intertidal Percent Cover Survey_2022_6_18_Rainsford_1_Mid_2,42.313058,70.950551,Rainsford,18,6,2022,GOOS Macroalgal Intertidal Percent Cover Survey,1,2,Mid,5.2,47,NA,Gravel,WORMS,ULLA,Ulva lactuca,80300922,Macroalgae: Sheet-like / membraneous: Green,1.4,Percent Cover,10,Byrnes,ORCID_ID,ORCID,Byrnes Lab,SOMEIDHERE,OceanExpert,Stone Living Lab Intertidal Monitoring,Jarrett Byrnes,jarrett.byrnes@umb.edu,ORCID_ID,ORCID
GOOS Macroalgal Intertidal Percent Cover Survey_2022_6_18_Rainsford_1_Mid_3,42.313071,70.950691,Rainsford,18,6,2022,GOOS Macroalgal Intertidal Percent Cover Survey,1,3,Mid,-33,40,NA,Gravel,WORMS,FU,Fucus,80300903,Macroalgae: Erect coarse branching: Red,1.4,Percent Cover,1,Laura/Callie,NA,NA,Byrnes Lab,SOMEIDHERE,OceanExpert,Stone Living Lab Intertidal Monitoring,Jarrett Byrnes,jarrett.byrnes@umb.edu,ORCID_ID,ORCID
GOOS Macroalgal Intertidal Percent Cover Survey_2022_6_18_Rainsford_1_Mid_3,42.313071,70.950691,Rainsford,18,6,2022,GOOS Macroalgal Intertidal Percent Cover Survey,1,3,Mid,-33,40,NA,Gravel,WORMS,FUDI,Fucus distichus,80300903,Macroalgae: Erect coarse branching: Brown,1.4,Percent Cover,3,Laura/Callie,NA,NA,Byrnes Lab,SOMEIDHERE,OceanExpert,Stone Living Lab Intertidal Monitoring,Jarrett Byrnes,jarrett.byrnes@umb.edu,ORCID_ID,ORCID
GOOS Macroalgal Intertidal Percent Cover Survey_2022_6_18_Rainsford_1_Mid_3,42.313071,70.950691,Rainsford,18,6,2022,GOOS Macroalgal Intertidal Percent Cover Survey,1,3,Mid,-33,40,NA,Gravel,WORMS,FUSP,Fucus spiralis,80300903,Macroalgae: Erect coarse branching: Brown,1.4,Percent Cover,11,Laura/Callie,NA,NA,Byrnes Lab,SOMEIDHERE,OceanExpert,Stone Living Lab Intertidal Monitoring,Jarrett Byrnes,jarrett.byrnes@umb.edu,ORCID_ID,ORCID
GOOS Macroalgal Intertidal Percent Cover Survey_2022_6_18_Rainsford_1_Mid_3,42.313071,70.950691,Rainsford,18,6,2022,GOOS Macroalgal Intertidal Percent Cover Survey,1,3,Mid,-33,40,NA,Gravel,WORMS,FUVE,Fucus vesiculosus,80300903,Macroalgae: Erect coarse branching: Brown,1.4,Percent Cover,33,Laura/Callie,NA,NA,Byrnes Lab,SOMEIDHERE,OceanExpert,Stone Living Lab Intertidal Monitoring,Jarrett Byrnes,jarrett.byrnes@umb.edu,ORCID_ID,ORCID
GOOS Macroalgal Intertidal Percent Cover Survey_2022_6_18_Rainsford_1_Mid_3,42.313071,70.950691,Rainsford,18,6,2022,GOOS Macroalgal Intertidal Percent Cover Survey,1,3,Mid,-33,40,NA,Gravel,WORMS,HIRU,Hildenbrandia rubra,80300929,Macroalgae: Encrusting: Red: Non-calcareous,1.4,Percent Cover,11,Laura/Callie,NA,NA,Byrnes Lab,SOMEIDHERE,OceanExpert,Stone Living Lab Intertidal Monitoring,Jarrett Byrnes,jarrett.byrnes@umb.edu,ORCID_ID,ORCID
GOOS Macroalgal Intertidal Percent Cover Survey_2022_6_18_Rainsford_1_Mid_3,42.313071,70.950691,Rainsford,18,6,2022,GOOS Macroalgal Intertidal Percent Cover Survey,1,3,Mid,-33,40,NA,Gravel,WORMS,MAST,Mastocarpus stellatus,80300903,Macroalgae: Erect coarse branching: Red,1.4,Percent Cover,14,Laura/Callie,NA,NA,Byrnes Lab,SOMEIDHERE,OceanExpert,Stone Living Lab Intertidal Monitoring,Jarrett Byrnes,jarrett.byrnes@umb.edu,ORCID_ID,ORCID
GOOS Macroalgal Intertidal Percent Cover Survey_2022_6_18_Rainsford_1_Mid_3,42.313071,70.950691,Rainsford,18,6,2022,GOOS Macroalgal Intertidal Percent Cover Survey,1,3,Mid,-33,40,NA,Gravel,WORMS,ULLA,Ulva lactuca,80300922,Macroalgae: Sheet-like / membraneous: Green,1.4,Percent Cover,2,Laura/Callie,NA,NA,Byrnes Lab,SOMEIDHERE,OceanExpert,Stone Living Lab Intertidal Monitoring,Jarrett Byrnes,jarrett.byrnes@umb.edu,ORCID_ID,ORCID
GOOS Macroalgal Intertidal Percent Cover Survey_2022_6_18_Rainsford_1_Mid_4,42.313128,70.950627,Rainsford,18,6,2022,GOOS Macroalgal Intertidal Percent Cover Survey,1,4,Mid,-10,28,NA,Cobble,WORMS,CO,Corallina officinalis,80300911,Macroalgae: Articulated calcareous: Red,1.4,Percent Cover,2.1,Laura/Callie,NA,NA,Byrnes Lab,SOMEIDHERE,OceanExpert,Stone Living Lab Intertidal Monitoring,Jarrett Byrnes,jarrett.byrnes@umb.edu,ORCID_ID,ORCID
GOOS Macroalgal Intertidal Percent Cover Survey_2022_6_18_Rainsford_1_Mid_4,42.313128,70.950627,Rainsford,18,6,2022,GOOS Macroalgal Intertidal Percent Cover Survey,1,4,Mid,-10,28,NA,Cobble,WORMS,COPE,Colpomenia peregrina,80300914,Macroalgae: Globose / saccate: Brown,1.4,Percent Cover,2,Laura/Callie,NA,NA,Byrnes Lab,SOMEIDHERE,OceanExpert,Stone Living Lab Intertidal Monitoring,Jarrett Byrnes,jarrett.byrnes@umb.edu,ORCID_ID,ORCID
GOOS Macroalgal Intertidal Percent Cover Survey_2022_6_18_Rainsford_1_Mid_4,42.313128,70.950627,Rainsford,18,6,2022,GOOS Macroalgal Intertidal Percent Cover Survey,1,4,Mid,-10,28,NA,Cobble,WORMS,CYPU,Cystoclonium purpureum,80300903,Macroalgae: Erect coarse branching: Red,1.4,Percent Cover,2,Laura/Callie,NA,NA,Byrnes Lab,SOMEIDHERE,OceanExpert,Stone Living Lab Intertidal Monitoring,Jarrett Byrnes,jarrett.byrnes@umb.edu,ORCID_ID,ORCID
GOOS Macroalgal Intertidal Percent Cover Survey_2022_6_18_Rainsford_1_Mid_4,42.313128,70.950627,Rainsford,18,6,2022,GOOS Macroalgal Intertidal Percent Cover Survey,1,4,Mid,-10,28,NA,Cobble,WORMS,FUSP,Fucus spiralis,80300903,Macroalgae: Erect coarse branching: Brown,1.4,Percent Cover,4,Laura/Callie,NA,NA,Byrnes Lab,SOMEIDHERE,OceanExpert,Stone Living Lab Intertidal Monitoring,Jarrett Byrnes,jarrett.byrnes@umb.edu,ORCID_ID,ORCID
GOOS Macroalgal Intertidal Percent Cover Survey_2022_6_18_Rainsford_1_Mid_4,42.313128,70.950627,Rainsford,18,6,2022,GOOS Macroalgal Intertidal Percent Cover Survey,1,4,Mid,-10,28,NA,Cobble,WORMS,FUVE,Fucus vesiculosus,80300903,Macroalgae: Erect coarse branching: Brown,1.4,Percent Cover,1,Laura/Callie,NA,NA,Byrnes Lab,SOMEIDHERE,OceanExpert,Stone Living Lab Intertidal Monitoring,Jarrett Byrnes,jarrett.byrnes@umb.edu,ORCID_ID,ORCID
GOOS Macroalgal Intertidal Percent Cover Survey_2022_6_18_Rainsford_1_Mid_4,42.313128,70.950627,Rainsford,18,6,2022,GOOS Macroalgal Intertidal Percent Cover Survey,1,4,Mid,-10,28,NA,Cobble,WORMS,HIRU,Hildenbrandia rubra,80300929,Macroalgae: Encrusting: Red: Non-calcareous,1.4,Percent Cover,1,Laura/Callie,NA,NA,Byrnes Lab,SOMEIDHERE,OceanExpert,Stone Living Lab Intertidal Monitoring,Jarrett Byrnes,jarrett.byrnes@umb.edu,ORCID_ID,ORCID
GOOS Macroalgal Intertidal Percent Cover Survey_2022_6_18_Rainsford_1_Mid_4,42.313128,70.950627,Rainsford,18,6,2022,GOOS Macroalgal Intertidal Percent Cover Survey,1,4,Mid,-10,28,NA,Cobble,WORMS,MAST,Mastocarpus stellatus,80300903,Macroalgae: Erect coarse branching: Red,1.4,Percent Cover,24,Laura/Callie,NA,NA,Byrnes Lab,SOMEIDHERE,OceanExpert,Stone Living Lab Intertidal Monitoring,Jarrett Byrnes,jarrett.byrnes@umb.edu,ORCID_ID,ORCID
GOOS Macroalgal Intertidal Percent Cover Survey_2022_6_18_Rainsford_1_Mid_4,42.313128,70.950627,Rainsford,18,6,2022,GOOS Macroalgal Intertidal Percent Cover Survey,1,4,Mid,-10,28,NA,Cobble,WORMS,PHLE,Phymatolithon lenormandii,80300929,Macroalgae: Encrusting: Red: Calcareous,1.4,Percent Cover,13,Laura/Callie,NA,NA,Byrnes Lab,SOMEIDHERE,OceanExpert,Stone Living Lab Intertidal Monitoring,Jarrett Byrnes,jarrett.byrnes@umb.edu,ORCID_ID,ORCID
GOOS Macroalgal Intertidal Percent Cover Survey_2022_6_18_Rainsford_1_Mid_4,42.313128,70.950627,Rainsford,18,6,2022,GOOS Macroalgal Intertidal Percent Cover Survey,1,4,Mid,-10,28,NA,Cobble,WORMS,SCLO,Scytosiphon lomentaria,80300907,Macroalgae: Erect fine branching: Red,1.4,Percent Cover,7,Laura/Callie,NA,NA,Byrnes Lab,SOMEIDHERE,OceanExpert,Stone Living Lab Intertidal Monitoring,Jarrett Byrnes,jarrett.byrnes@umb.edu,ORCID_ID,ORCID
GOOS Macroalgal Intertidal Percent Cover Survey_2022_6_18_Rainsford_1_Mid_5,42.313289,70.950823,Rainsford,18,6,2022,GOOS Macroalgal Intertidal Percent Cover Survey,1,5,Mid,0.4,32,NA,Cobble,WORMS,CLCI,Clathromorphum circumscriptum,80300929,Macroalgae: Encrusting: Red: Calcareous,1.4,Percent Cover,0.2,Breckie/Amy,NA,NA,Byrnes Lab,SOMEIDHERE,OceanExpert,Stone Living Lab Intertidal Monitoring,Jarrett Byrnes,jarrett.byrnes@umb.edu,ORCID_ID,ORCID
GOOS Macroalgal Intertidal Percent Cover Survey_2022_6_18_Rainsford_1_Mid_5,42.313289,70.950823,Rainsford,18,6,2022,GOOS Macroalgal Intertidal Percent Cover Survey,1,5,Mid,0.4,32,NA,Cobble,WORMS,COPE,Colpomenia peregrina,80300914,Macroalgae: Globose / saccate: Brown,1.4,Percent Cover,0.1,Breckie/Amy,NA,NA,Byrnes Lab,SOMEIDHERE,OceanExpert,Stone Living Lab Intertidal Monitoring,Jarrett Byrnes,jarrett.byrnes@umb.edu,ORCID_ID,ORCID
GOOS Macroalgal Intertidal Percent Cover Survey_2022_6_18_Rainsford_1_Mid_5,42.313289,70.950823,Rainsford,18,6,2022,GOOS Macroalgal Intertidal Percent Cover Survey,1,5,Mid,0.4,32,NA,Cobble,WORMS,FU,Fucus,80300903,Macroalgae: Erect coarse branching: Red,1.4,Percent Cover,2.1,Breckie/Amy,NA,NA,Byrnes Lab,SOMEIDHERE,OceanExpert,Stone Living Lab Intertidal Monitoring,Jarrett Byrnes,jarrett.byrnes@umb.edu,ORCID_ID,ORCID
GOOS Macroalgal Intertidal Percent Cover Survey_2022_6_18_Rainsford_1_Mid_5,42.313289,70.950823,Rainsford,18,6,2022,GOOS Macroalgal Intertidal Percent Cover Survey,1,5,Mid,0.4,32,NA,Cobble,WORMS,FUDI,Fucus distichus,80300903,Macroalgae: Erect coarse branching: Brown,1.4,Percent Cover,0.1,Breckie/Amy,NA,NA,Byrnes Lab,SOMEIDHERE,OceanExpert,Stone Living Lab Intertidal Monitoring,Jarrett Byrnes,jarrett.byrnes@umb.edu,ORCID_ID,ORCID
GOOS Macroalgal Intertidal Percent Cover Survey_2022_6_18_Rainsford_1_Mid_5,42.313289,70.950823,Rainsford,18,6,2022,GOOS Macroalgal Intertidal Percent Cover Survey,1,5,Mid,0.4,32,NA,Cobble,WORMS,HIRU,Hildenbrandia rubra,80300929,Macroalgae: Encrusting: Red: Non-calcareous,1.4,Percent Cover,0.4,Breckie/Amy,NA,NA,Byrnes Lab,SOMEIDHERE,OceanExpert,Stone Living Lab Intertidal Monitoring,Jarrett Byrnes,jarrett.byrnes@umb.edu,ORCID_ID,ORCID
GOOS Macroalgal Intertidal Percent Cover Survey_2022_6_18_Rainsford_1_Mid_5,42.313289,70.950823,Rainsford,18,6,2022,GOOS Macroalgal Intertidal Percent Cover Survey,1,5,Mid,0.4,32,NA,Cobble,WORMS,LIGL,Lithothamnion,80300929,Macroalgae: Encrusting: Red: Calcareous,1.4,Percent Cover,2.1999999999999997,Breckie/Amy,NA,NA,Byrnes Lab,SOMEIDHERE,OceanExpert,Stone Living Lab Intertidal Monitoring,Jarrett Byrnes,jarrett.byrnes@umb.edu,ORCID_ID,ORCID
GOOS Macroalgal Intertidal Percent Cover Survey_2022_6_18_Rainsford_1_Mid_5,42.313289,70.950823,Rainsford,18,6,2022,GOOS Macroalgal Intertidal Percent Cover Survey,1,5,Mid,0.4,32,NA,Cobble,WORMS,MAST,Mastocarpus stellatus,80300903,Macroalgae: Erect coarse branching: Red,1.4,Percent Cover,19.6,Breckie/Amy,NA,NA,Byrnes Lab,SOMEIDHERE,OceanExpert,Stone Living Lab Intertidal Monitoring,Jarrett Byrnes,jarrett.byrnes@umb.edu,ORCID_ID,ORCID
GOOS Macroalgal Intertidal Percent Cover Survey_2022_6_18_Rainsford_1_Mid_5,42.313289,70.950823,Rainsford,18,6,2022,GOOS Macroalgal Intertidal Percent Cover Survey,1,5,Mid,0.4,32,NA,Cobble,WORMS,ULLA,Ulva lactuca,80300922,Macroalgae: Sheet-like / membraneous: Green,1.4,Percent Cover,0.30000000000000004,Breckie/Amy,NA,NA,Byrnes Lab,SOMEIDHERE,OceanExpert,Stone Living Lab Intertidal Monitoring,Jarrett Byrnes,jarrett.byrnes@umb.edu,ORCID_ID,ORCID
GOOS Macroalgal Intertidal Percent Cover Survey_2022_6_18_Rainsford_1_Mid_6,42.313189,70.950767,Rainsford,18,6,2022,GOOS Macroalgal Intertidal Percent Cover Survey,1,6,Mid,8.3,29,NA,Gravel,WORMS,FUDI,Fucus distichus,80300903,Macroalgae: Erect coarse branching: Brown,1.4,Percent Cover,0.1,Breckie/Amy,NA,NA,Byrnes Lab,SOMEIDHERE,OceanExpert,Stone Living Lab Intertidal Monitoring,Jarrett Byrnes,jarrett.byrnes@umb.edu,ORCID_ID,ORCID
GOOS Macroalgal Intertidal Percent Cover Survey_2022_6_18_Rainsford_1_Mid_6,42.313189,70.950767,Rainsford,18,6,2022,GOOS Macroalgal Intertidal Percent Cover Survey,1,6,Mid,8.3,29,NA,Gravel,WORMS,ULLA,Ulva lactuca,80300922,Macroalgae: Sheet-like / membraneous: Green,1.4,Percent Cover,0.1,Breckie/Amy,NA,NA,Byrnes Lab,SOMEIDHERE,OceanExpert,Stone Living Lab Intertidal Monitoring,Jarrett Byrnes,jarrett.byrnes@umb.edu,ORCID_ID,ORCID
GOOS Macroalgal Intertidal Percent Cover Survey_2022_7_13_Rainsford_1_Low_6,42.313037,70.950478,Rainsford,13,7,2022,GOOS Macroalgal Intertidal Percent Cover Survey,1,6,Low,-5,30,NA,Cobble,WORMS,CLCI,Clathromorphum circumscriptum,80300929,Macroalgae: Encrusting: Red: Calcareous,1.4,Percent Cover,3,Laura,NA,NA,Byrnes Lab,SOMEIDHERE,OceanExpert,Stone Living Lab Intertidal Monitoring,Jarrett Byrnes,jarrett.byrnes@umb.edu,ORCID_ID,ORCID
GOOS Macroalgal Intertidal Percent Cover Survey_2022_7_13_Rainsford_1_Low_6,42.313037,70.950478,Rainsford,13,7,2022,GOOS Macroalgal Intertidal Percent Cover Survey,1,6,Low,-5,30,NA,Cobble,WORMS,CO,Corallina officinalis,80300911,Macroalgae: Articulated calcareous: Red,1.4,Percent Cover,1,Laura,NA,NA,Byrnes Lab,SOMEIDHERE,OceanExpert,Stone Living Lab Intertidal Monitoring,Jarrett Byrnes,jarrett.byrnes@umb.edu,ORCID_ID,ORCID
GOOS Macroalgal Intertidal Percent Cover Survey_2022_7_13_Rainsford_1_Low_6,42.313037,70.950478,Rainsford,13,7,2022,GOOS Macroalgal Intertidal Percent Cover Survey,1,6,Low,-5,30,NA,Cobble,WORMS,CYPU,Cystoclonium purpureum,80300903,Macroalgae: Erect coarse branching: Red,1.4,Percent Cover,16,Laura,NA,NA,Byrnes Lab,SOMEIDHERE,OceanExpert,Stone Living Lab Intertidal Monitoring,Jarrett Byrnes,jarrett.byrnes@umb.edu,ORCID_ID,ORCID
GOOS Macroalgal Intertidal Percent Cover Survey_2022_7_13_Rainsford_1_Low_6,42.313037,70.950478,Rainsford,13,7,2022,GOOS Macroalgal Intertidal Percent Cover Survey,1,6,Low,-5,30,NA,Cobble,WORMS,HIRU,Hildenbrandia rubra,80300929,Macroalgae: Encrusting: Red: Non-calcareous,1.4,Percent Cover,2,Laura,NA,NA,Byrnes Lab,SOMEIDHERE,OceanExpert,Stone Living Lab Intertidal Monitoring,Jarrett Byrnes,jarrett.byrnes@umb.edu,ORCID_ID,ORCID
GOOS Macroalgal Intertidal Percent Cover Survey_2022_7_13_Rainsford_1_Low_6,42.313037,70.950478,Rainsford,13,7,2022,GOOS Macroalgal Intertidal Percent Cover Survey,1,6,Low,-5,30,NA,Cobble,WORMS,MAST,Mastocarpus stellatus,80300903,Macroalgae: Erect coarse branching: Red,1.4,Percent Cover,31,Laura,NA,NA,Byrnes Lab,SOMEIDHERE,OceanExpert,Stone Living Lab Intertidal Monitoring,Jarrett Byrnes,jarrett.byrnes@umb.edu,ORCID_ID,ORCID
GOOS Macroalgal Intertidal Percent Cover Survey_2022_7_14_Rainsford_1_Low_1,42.313333,70.750942,Rainsford,14,7,2022,GOOS Macroalgal Intertidal Percent Cover Survey,1,1,Low,-10,14,NA,Cobble,WORMS,CLCI,Clathromorphum circumscriptum,80300929,Macroalgae: Encrusting: Red: Calcareous,1.4,Percent Cover,1,Laura,NA,NA,Byrnes Lab,SOMEIDHERE,OceanExpert,Stone Living Lab Intertidal Monitoring,Jarrett Byrnes,jarrett.byrnes@umb.edu,ORCID_ID,ORCID
GOOS Macroalgal Intertidal Percent Cover Survey_2022_7_14_Rainsford_1_Low_1,42.313333,70.750942,Rainsford,14,7,2022,GOOS Macroalgal Intertidal Percent Cover Survey,1,1,Low,-10,14,NA,Cobble,WORMS,CO,Corallina officinalis,80300911,Macroalgae: Articulated calcareous: Red,1.4,Percent Cover,6.199999999999999,Laura,NA,NA,Byrnes Lab,SOMEIDHERE,OceanExpert,Stone Living Lab Intertidal Monitoring,Jarrett Byrnes,jarrett.byrnes@umb.edu,ORCID_ID,ORCID
GOOS Macroalgal Intertidal Percent Cover Survey_2022_7_14_Rainsford_1_Low_1,42.313333,70.750942,Rainsford,14,7,2022,GOOS Macroalgal Intertidal Percent Cover Survey,1,1,Low,-10,14,NA,Cobble,WORMS,CYPU,Cystoclonium purpureum,80300903,Macroalgae: Erect coarse branching: Red,1.4,Percent Cover,56,Laura,NA,NA,Byrnes Lab,SOMEIDHERE,OceanExpert,Stone Living Lab Intertidal Monitoring,Jarrett Byrnes,jarrett.byrnes@umb.edu,ORCID_ID,ORCID
GOOS Macroalgal Intertidal Percent Cover Survey_2022_7_14_Rainsford_1_Low_1,42.313333,70.750942,Rainsford,14,7,2022,GOOS Macroalgal Intertidal Percent Cover Survey,1,1,Low,-10,14,NA,Cobble,WORMS,MAST,Mastocarpus stellatus,80300903,Macroalgae: Erect coarse branching: Red,1.4,Percent Cover,15,Laura,NA,NA,Byrnes Lab,SOMEIDHERE,OceanExpert,Stone Living Lab Intertidal Monitoring,Jarrett Byrnes,jarrett.byrnes@umb.edu,ORCID_ID,ORCID
GOOS Macroalgal Intertidal Percent Cover Survey_2022_7_14_Rainsford_1_Low_1,42.313333,70.750942,Rainsford,14,7,2022,GOOS Macroalgal Intertidal Percent Cover Survey,1,1,Low,-10,14,NA,Cobble,WORMS,PHLE,Phymatolithon lenormandii,80300929,Macroalgae: Encrusting: Red: Calcareous,1.4,Percent Cover,21.1,Laura,NA,NA,Byrnes Lab,SOMEIDHERE,OceanExpert,Stone Living Lab Intertidal Monitoring,Jarrett Byrnes,jarrett.byrnes@umb.edu,ORCID_ID,ORCID
GOOS Macroalgal Intertidal Percent Cover Survey_2022_7_14_Rainsford_1_Low_1,42.313333,70.750942,Rainsford,14,7,2022,GOOS Macroalgal Intertidal Percent Cover Survey,1,1,Low,-10,14,NA,Cobble,WORMS,SCLO,Scytosiphon lomentaria,80300907,Macroalgae: Erect fine branching: Red,1.4,Percent Cover,1,Laura,NA,NA,Byrnes Lab,SOMEIDHERE,OceanExpert,Stone Living Lab Intertidal Monitoring,Jarrett Byrnes,jarrett.byrnes@umb.edu,ORCID_ID,ORCID
GOOS Macroalgal Intertidal Percent Cover Survey_2022_7_14_Rainsford_1_Low_1,42.313333,70.750942,Rainsford,14,7,2022,GOOS Macroalgal Intertidal Percent Cover Survey,1,1,Low,-10,14,NA,Cobble,WORMS,SLJ,Saccharina latissima,80300901,Macroalgae: Large canopy-forming: Brown,1.4,Percent Cover,9,Laura,NA,NA,Byrnes Lab,SOMEIDHERE,OceanExpert,Stone Living Lab Intertidal Monitoring,Jarrett Byrnes,jarrett.byrnes@umb.edu,ORCID_ID,ORCID
GOOS Macroalgal Intertidal Percent Cover Survey_2022_7_14_Rainsford_1_Low_1,42.313333,70.750942,Rainsford,14,7,2022,GOOS Macroalgal Intertidal Percent Cover Survey,1,1,Low,-10,14,NA,Cobble,WORMS,ULLA,Ulva lactuca,80300922,Macroalgae: Sheet-like / membraneous: Green,1.4,Percent Cover,7,Laura,NA,NA,Byrnes Lab,SOMEIDHERE,OceanExpert,Stone Living Lab Intertidal Monitoring,Jarrett Byrnes,jarrett.byrnes@umb.edu,ORCID_ID,ORCID
GOOS Macroalgal Intertidal Percent Cover Survey_2022_7_14_Rainsford_1_Low_2,42.313312,70.950865,Rainsford,14,7,2022,GOOS Macroalgal Intertidal Percent Cover Survey,1,2,Low,-10,66,NA,Cobble,WORMS,CO,Corallina officinalis,80300911,Macroalgae: Articulated calcareous: Red,1.4,Percent Cover,0.5,Callie,NA,NA,Byrnes Lab,SOMEIDHERE,OceanExpert,Stone Living Lab Intertidal Monitoring,Jarrett Byrnes,jarrett.byrnes@umb.edu,ORCID_ID,ORCID
GOOS Macroalgal Intertidal Percent Cover Survey_2022_7_14_Rainsford_1_Low_2,42.313312,70.950865,Rainsford,14,7,2022,GOOS Macroalgal Intertidal Percent Cover Survey,1,2,Low,-10,66,NA,Cobble,WORMS,CYPU,Cystoclonium purpureum,80300903,Macroalgae: Erect coarse branching: Red,1.4,Percent Cover,19.6,Callie,NA,NA,Byrnes Lab,SOMEIDHERE,OceanExpert,Stone Living Lab Intertidal Monitoring,Jarrett Byrnes,jarrett.byrnes@umb.edu,ORCID_ID,ORCID
GOOS Macroalgal Intertidal Percent Cover Survey_2022_7_14_Rainsford_1_Low_2,42.313312,70.950865,Rainsford,14,7,2022,GOOS Macroalgal Intertidal Percent Cover Survey,1,2,Low,-10,66,NA,Cobble,WORMS,HIRU,Hildenbrandia rubra,80300929,Macroalgae: Encrusting: Red: Non-calcareous,1.4,Percent Cover,4.699999999999999,Callie,NA,NA,Byrnes Lab,SOMEIDHERE,OceanExpert,Stone Living Lab Intertidal Monitoring,Jarrett Byrnes,jarrett.byrnes@umb.edu,ORCID_ID,ORCID
GOOS Macroalgal Intertidal Percent Cover Survey_2022_7_14_Rainsford_1_Low_2,42.313312,70.950865,Rainsford,14,7,2022,GOOS Macroalgal Intertidal Percent Cover Survey,1,2,Low,-10,66,NA,Cobble,WORMS,MAST,Mastocarpus stellatus,80300903,Macroalgae: Erect coarse branching: Red,1.4,Percent Cover,14.1,Callie,NA,NA,Byrnes Lab,SOMEIDHERE,OceanExpert,Stone Living Lab Intertidal Monitoring,Jarrett Byrnes,jarrett.byrnes@umb.edu,ORCID_ID,ORCID
GOOS Macroalgal Intertidal Percent Cover Survey_2022_7_14_Rainsford_1_Low_2,42.313312,70.950865,Rainsford,14,7,2022,GOOS Macroalgal Intertidal Percent Cover Survey,1,2,Low,-10,66,NA,Cobble,WORMS,SCLO,Scytosiphon lomentaria,80300907,Macroalgae: Erect fine branching: Red,1.4,Percent Cover,7.1,Callie,NA,NA,Byrnes Lab,SOMEIDHERE,OceanExpert,Stone Living Lab Intertidal Monitoring,Jarrett Byrnes,jarrett.byrnes@umb.edu,ORCID_ID,ORCID
GOOS Macroalgal Intertidal Percent Cover Survey_2022_7_14_Rainsford_1_Low_2,42.313312,70.950865,Rainsford,14,7,2022,GOOS Macroalgal Intertidal Percent Cover Survey,1,2,Low,-10,66,NA,Cobble,WORMS,ULLA,Ulva lactuca,80300922,Macroalgae: Sheet-like / membraneous: Green,1.4,Percent Cover,1,Callie,NA,NA,Byrnes Lab,SOMEIDHERE,OceanExpert,Stone Living Lab Intertidal Monitoring,Jarrett Byrnes,jarrett.byrnes@umb.edu,ORCID_ID,ORCID
GOOS Macroalgal Intertidal Percent Cover Survey_2022_7_14_Rainsford_1_Low_3,42.313253,70.950783,Rainsford,14,7,2022,GOOS Macroalgal Intertidal Percent Cover Survey,1,3,Low,-14,22,NA,Cobble,WORMS,CO,Corallina officinalis,80300911,Macroalgae: Articulated calcareous: Red,1.4,Percent Cover,0.1,Laura,NA,NA,Byrnes Lab,SOMEIDHERE,OceanExpert,Stone Living Lab Intertidal Monitoring,Jarrett Byrnes,jarrett.byrnes@umb.edu,ORCID_ID,ORCID
GOOS Macroalgal Intertidal Percent Cover Survey_2022_7_14_Rainsford_1_Low_3,42.313253,70.950783,Rainsford,14,7,2022,GOOS Macroalgal Intertidal Percent Cover Survey,1,3,Low,-14,22,NA,Cobble,WORMS,CYPU,Cystoclonium purpureum,80300903,Macroalgae: Erect coarse branching: Red,1.4,Percent Cover,0.1,Laura,NA,NA,Byrnes Lab,SOMEIDHERE,OceanExpert,Stone Living Lab Intertidal Monitoring,Jarrett Byrnes,jarrett.byrnes@umb.edu,ORCID_ID,ORCID
GOOS Macroalgal Intertidal Percent Cover Survey_2022_7_14_Rainsford_1_Low_3,42.313253,70.950783,Rainsford,14,7,2022,GOOS Macroalgal Intertidal Percent Cover Survey,1,3,Low,-14,22,NA,Cobble,WORMS,MAST,Mastocarpus stellatus,80300903,Macroalgae: Erect coarse branching: Red,1.4,Percent Cover,11.2,Laura,NA,NA,Byrnes Lab,SOMEIDHERE,OceanExpert,Stone Living Lab Intertidal Monitoring,Jarrett Byrnes,jarrett.byrnes@umb.edu,ORCID_ID,ORCID
GOOS Macroalgal Intertidal Percent Cover Survey_2022_7_14_Rainsford_1_Low_3,42.313253,70.950783,Rainsford,14,7,2022,GOOS Macroalgal Intertidal Percent Cover Survey,1,3,Low,-14,22,NA,Cobble,WORMS,PHLE,Phymatolithon lenormandii,80300929,Macroalgae: Encrusting: Red: Calcareous,1.4,Percent Cover,15.499999999999998,Laura,NA,NA,Byrnes Lab,SOMEIDHERE,OceanExpert,Stone Living Lab Intertidal Monitoring,Jarrett Byrnes,jarrett.byrnes@umb.edu,ORCID_ID,ORCID
GOOS Macroalgal Intertidal Percent Cover Survey_2022_7_14_Rainsford_1_Low_3,42.313253,70.950783,Rainsford,14,7,2022,GOOS Macroalgal Intertidal Percent Cover Survey,1,3,Low,-14,22,NA,Cobble,WORMS,SCLO,Scytosiphon lomentaria,80300907,Macroalgae: Erect fine branching: Red,1.4,Percent Cover,0.1,Laura,NA,NA,Byrnes Lab,SOMEIDHERE,OceanExpert,Stone Living Lab Intertidal Monitoring,Jarrett Byrnes,jarrett.byrnes@umb.edu,ORCID_ID,ORCID
GOOS Macroalgal Intertidal Percent Cover Survey_2022_7_14_Rainsford_1_Low_3,42.313253,70.950783,Rainsford,14,7,2022,GOOS Macroalgal Intertidal Percent Cover Survey,1,3,Low,-14,22,NA,Cobble,WORMS,SLJ,Saccharina latissima,80300901,Macroalgae: Large canopy-forming: Brown,1.4,Percent Cover,29,Laura,NA,NA,Byrnes Lab,SOMEIDHERE,OceanExpert,Stone Living Lab Intertidal Monitoring,Jarrett Byrnes,jarrett.byrnes@umb.edu,ORCID_ID,ORCID
GOOS Macroalgal Intertidal Percent Cover Survey_2022_7_14_Rainsford_1_Low_3,42.313253,70.950783,Rainsford,14,7,2022,GOOS Macroalgal Intertidal Percent Cover Survey,1,3,Low,-14,22,NA,Cobble,WORMS,ULLA,Ulva lactuca,80300922,Macroalgae: Sheet-like / membraneous: Green,1.4,Percent Cover,5,Laura,NA,NA,Byrnes Lab,SOMEIDHERE,OceanExpert,Stone Living Lab Intertidal Monitoring,Jarrett Byrnes,jarrett.byrnes@umb.edu,ORCID_ID,ORCID
GOOS Macroalgal Intertidal Percent Cover Survey_2022_7_14_Rainsford_1_Low_4,42.313107,70.950662,Rainsford,14,7,2022,GOOS Macroalgal Intertidal Percent Cover Survey,1,4,Low,-25,40,NA,Cobble,WORMS,CLCI,Clathromorphum circumscriptum,80300929,Macroalgae: Encrusting: Red: Calcareous,1.4,Percent Cover,8,Laura,NA,NA,Byrnes Lab,SOMEIDHERE,OceanExpert,Stone Living Lab Intertidal Monitoring,Jarrett Byrnes,jarrett.byrnes@umb.edu,ORCID_ID,ORCID
GOOS Macroalgal Intertidal Percent Cover Survey_2022_7_14_Rainsford_1_Low_4,42.313107,70.950662,Rainsford,14,7,2022,GOOS Macroalgal Intertidal Percent Cover Survey,1,4,Low,-25,40,NA,Cobble,WORMS,CYPU,Cystoclonium purpureum,80300903,Macroalgae: Erect coarse branching: Red,1.4,Percent Cover,9,Laura,NA,NA,Byrnes Lab,SOMEIDHERE,OceanExpert,Stone Living Lab Intertidal Monitoring,Jarrett Byrnes,jarrett.byrnes@umb.edu,ORCID_ID,ORCID
GOOS Macroalgal Intertidal Percent Cover Survey_2022_7_14_Rainsford_1_Low_4,42.313107,70.950662,Rainsford,14,7,2022,GOOS Macroalgal Intertidal Percent Cover Survey,1,4,Low,-25,40,NA,Cobble,WORMS,HIRU,Hildenbrandia rubra,80300929,Macroalgae: Encrusting: Red: Non-calcareous,1.4,Percent Cover,1,Laura,NA,NA,Byrnes Lab,SOMEIDHERE,OceanExpert,Stone Living Lab Intertidal Monitoring,Jarrett Byrnes,jarrett.byrnes@umb.edu,ORCID_ID,ORCID
GOOS Macroalgal Intertidal Percent Cover Survey_2022_7_14_Rainsford_1_Low_4,42.313107,70.950662,Rainsford,14,7,2022,GOOS Macroalgal Intertidal Percent Cover Survey,1,4,Low,-25,40,NA,Cobble,WORMS,MAST,Mastocarpus stellatus,80300903,Macroalgae: Erect coarse branching: Red,1.4,Percent Cover,43,Laura,NA,NA,Byrnes Lab,SOMEIDHERE,OceanExpert,Stone Living Lab Intertidal Monitoring,Jarrett Byrnes,jarrett.byrnes@umb.edu,ORCID_ID,ORCID
